Date,CAT,DIS,IBM,JNJ,JPM,KO,MMM,MSFT,PFE,PG,WMT,XOM
1995-01-01,5.970874786376953,12.279579162597656,8.441343307495117,6.789881229400635,5.378539562225342,5.937831401824951,8.953584671020508,2.256798267364502,2.2531983852386475,7.50198221206665,2.343662977218628,5.823244571685791
1995-02-01,5.9999308586120605,12.883004188537598,8.83669662475586,6.662646293640137,5.533689022064209,6.220585823059082,9.442160606384277,2.3945813179016113,2.302250385284424,7.6603779792785645,2.433311700820923,6.023345470428467
1995-03-01,6.450291156768799,12.913169860839844,9.64403247833252,6.985504150390625,5.266335964202881,6.401478290557861,10.024214744567871,2.7034080028533936,2.378528356552124,7.6315765380859375,2.6307032108306885,6.282668113708496
1995-04-01,6.829235553741455,13.387898445129395,11.111922264099121,7.631229400634766,5.824357509613037,6.600194454193115,10.282904624938965,3.107253313064575,2.402801036834717,8.090799331665039,2.4382128715515137,6.553777694702148
1995-05-01,7.033531188964844,13.418116569519043,10.950145721435547,7.802021026611328,6.434690952301025,6.99761962890625,10.427099227905273,3.2189087867736816,2.4590413570404053,8.322379112243652,2.55370831489563,6.8023200035095215
1995-06-01,7.500487804412842,13.418116569519043,11.303375244140625,7.964254856109619,6.591636657714844,7.265450954437256,9.970914840698242,3.4350855350494385,2.57065749168396,8.322379112243652,2.7516210079193115,6.730841159820557
1995-07-01,8.254621505737305,14.19687557220459,12.819314956665039,8.465703964233398,7.279000282287598,7.479137897491455,9.84057331085205,3.4398367404937744,2.825282573699951,8.021172523498535,2.738762140274048,6.909536361694336
1995-08-01,7.873416900634766,13.621734619140625,12.199745178222656,8.17966365814209,8.213113784790039,7.322439193725586,9.574263572692871,3.515855073928833,2.7695391178131104,8.079401016235352,2.5252249240875244,6.622222900390625
1995-09-01,6.671140193939209,13.894165992736816,11.15237045288086,8.787212371826172,8.583230972290039,7.890648365020752,9.88099193572998,3.4398367404937744,2.993905782699585,8.96740436553955,2.550992965698242,6.959354400634766
1995-10-01,6.702028751373291,13.97722339630127,11.476903915405273,9.66148567199707,8.085375785827637,8.219426155090332,9.968628883361816,3.800924301147461,3.2182726860046387,9.480649948120117,2.228898525238037,7.356685638427734
1995-11-01,7.248225688934326,14.583613395690918,11.432086944580078,10.3108491897583,8.529629707336426,8.687917709350586,11.542226791381836,3.311556577682495,3.2675487995147705,10.124402046203613,2.478748321533203,7.526684284210205
1995-12-01,6.938222885131836,14.302098274230957,10.810933113098145,10.176935195922852,8.3519287109375,8.515873908996582,11.718780517578125,3.335310697555542,3.5492348670959473,9.714735984802246,2.298006534576416,7.891463279724121
1996-01-01,7.6518874168396,15.607810020446777,12.837061882019043,11.426738739013672,9.606512069702148,8.64490032196045,11.387744903564453,3.515855073928833,3.8590896129608154,9.876297950744629,2.1043541431427,7.806344509124756
1996-02-01,7.934191703796387,15.911457061767578,14.539929389953613,11.166913032531738,10.269640922546387,9.261370658874512,11.579937934875488,3.75103497505188,3.727710247039795,9.64114761352539,2.194725275039673,7.80522346496582
1996-03-01,8.082772254943848,15.516708374023438,13.191165924072266,11.017627716064453,10.108344078063965,9.520055770874023,11.4910306930542,3.919703722000122,3.80552077293396,9.964478492736816,2.380707025527954,8.001568794250488
1996-04-01,7.6617512702941895,15.087310791015625,12.776159286499023,11.04748249053955,9.918678283691406,9.376245498657227,11.691061019897461,4.304545879364014,3.897472381591797,9.981849670410156,2.471278190612793,8.345200538635254
1996-05-01,7.8409743309021,14.783138275146484,12.69958209991455,11.67679214477539,10.062424659729004,10.584229469299316,12.217629432678223,4.513596057891846,4.022246837615967,10.380536079406738,2.678295373916626,8.40001392364502
1996-06-01,8.09487247467041,15.300240516662598,11.777596473693848,11.871658325195312,10.15227222442627,11.304571151733398,12.351884841918945,4.565858840942383,4.0577802658081055,10.705389976501465,2.6318047046661377,8.610631942749023
1996-07-01,7.919023036956787,13.56194019317627,12.788802146911621,11.451956748962402,10.069560050964355,10.814316749572754,12.089176177978516,4.480337619781494,3.9895708560943604,10.599411010742188,2.4891953468322754,8.152220726013184
1996-08-01,8.2796630859375,13.897184371948242,13.650270462036133,11.854096412658691,10.77587890625,11.535269737243652,12.878753662109375,4.656131267547607,4.053802490234375,10.554871559143066,2.740826368331909,8.155867576599121
1996-09-01,9.061042785644531,15.420997619628906,14.858654022216797,12.335479736328125,11.60897445678711,11.765210151672363,13.066082000732422,5.012468338012695,4.517707347869873,11.57918930053711,2.740826368331909,8.330997467041016
1996-10-01,8.293986320495605,16.08881378173828,15.395708084106445,11.854096412658691,12.510310173034668,11.678495407104492,14.307119369506836,5.216766357421875,4.7246785163879395,11.81198501586914,2.7538156509399414,8.868878364562988
1996-11-01,9.563013076782227,18.04267120361328,19.072107315063477,12.86491584777832,13.786870002746582,11.851865768432617,15.782547950744629,5.962699890136719,5.135124206542969,12.975289344787598,2.649898052215576,9.529237747192383
1996-12-01,9.094686508178711,17.035213470458984,18.129728317260742,12.019330024719238,13.039178848266602,12.199597358703613,15.641210556030273,6.281026840209961,4.755540370941162,12.841060638427734,2.3691277503967285,9.895259857177734
1997-01-01,9.430399894714355,17.8269100189209,18.772945404052734,13.952088356018066,13.580168724060059,13.416665077209473,16.06521987915039,7.753884315490723,5.299848556518555,13.851215362548828,2.4732635021209717,10.463227272033691
1997-02-01,9.506322860717773,18.163267135620117,17.24287223815918,13.935182571411133,14.699618339538574,14.141111373901367,17.44522476196289,7.411801338195801,5.269404888153076,14.390290260314941,2.746626615524292,10.200784683227539
1997-03-01,9.749300003051758,17.8269100189209,16.463197708129883,12.814306259155273,13.782039642333984,12.953290939331055,16.046762466430664,6.969942569732666,4.838075160980225,13.746397972106934,2.9097135066986084,10.963935852050781
1997-04-01,10.863658905029297,20.03373908996582,19.252038955688477,14.813700675964355,13.613383293151855,14.783011436462402,16.497106552124023,9.236244201660156,5.5210137367248535,15.119961738586426,2.9358091354370117,11.523576736450195
1997-05-01,11.91645622253418,20.064373016357422,20.80169677734375,14.593052864074707,13.96434211730957,15.915692329406738,17.522741317749023,9.426289558410645,5.943947792053223,16.577844619750977,3.118482828140259,12.143625259399414
1997-06-01,13.10657787322998,19.666147232055664,21.70351219177246,15.65713119506836,14.343003273010254,15.831942558288574,19.501495361328125,9.606829643249512,6.896133899688721,16.983652114868164,3.536701202392578,12.553533554077148
1997-07-01,13.731683731079102,19.837533950805664,25.430988311767578,15.109883308410645,16.889108657836914,16.093873977661133,18.071073532104492,10.747109413146973,6.9017205238342285,18.351987838745117,3.922402858734131,13.16840934753418
1997-08-01,14.237420082092285,18.855632781982422,24.424158096313477,13.838995933532715,16.5358943939209,13.343650817871094,17.2396183013916,10.048686981201172,6.4170098304748535,16.059879302978516,3.7132112979888916,12.624212265014648
1997-09-01,13.225934982299805,19.791507720947266,25.538450241088867,14.08312702178955,17.549057006835938,14.236778259277344,17.731143951416016,10.058195114135742,6.959598541259766,16.663063049316406,3.837704658508301,13.217370986938477
1997-10-01,12.61951732635498,20.252023696899414,23.731475830078125,14.006832122802734,17.2574520111084,13.215694427490234,17.55130386352539,9.882399559020996,8.218400001525879,16.463546752929688,3.6674327850341797,12.675783157348633
1997-11-01,11.803868293762207,23.340530395507812,26.433155059814453,15.421401023864746,16.2576904296875,14.618779182434082,18.796066284179688,10.756619453430176,8.440932273864746,18.445831298828125,4.197896480560303,12.670343399047852
1997-12-01,11.942380905151367,24.339305877685547,25.256330490112305,16.14116668701172,16.369815826416016,15.59823989868164,15.830178260803223,9.82538890838623,8.651232719421387,19.32347869873047,4.139316082000732,12.709284782409668
1998-01-01,11.883316993713379,26.3106632232666,23.838117599487305,16.40151596069336,16.115345001220703,15.145051002502441,16.107471466064453,11.341007232666016,9.485172271728516,19.034852981567383,4.178674697875977,12.319830894470215
1998-02-01,13.507989883422852,27.556961059570312,25.26181983947754,18.527835845947266,18.652462005615234,16.051410675048828,16.56045913696289,12.885127067565918,10.292032241821289,20.613494873046875,4.860908031463623,13.329777717590332
1998-03-01,13.631775856018066,26.279890060424805,25.125768661499023,18.05158805847168,20.27809715270996,18.150156021118164,17.664485931396484,13.607306480407715,11.59307861328125,20.4920654296875,5.3413214683532715,14.14002513885498
1998-04-01,14.15848445892334,30.709775924682617,28.028364181518555,17.575326919555664,20.943387985229492,17.78392219543457,18.319629669189453,13.702327728271484,13.235738754272461,20.021297454833984,5.3150410652160645,15.276972770690918
1998-05-01,13.66114616394043,27.9207763671875,28.474597930908203,17.03516387939453,20.546615600585938,18.36988639831543,18.082521438598633,12.894632339477539,12.20984172821045,20.432373046875,5.794643402099609,14.824216842651367
1998-06-01,13.156042098999023,25.902225494384766,27.823318481445312,18.253068923950195,22.823278427124023,20.076932907104492,16.044893264770508,16.47700309753418,12.6612548828125,22.183298110961914,6.394629001617432,15.008203506469727
1998-07-01,12.130337715148926,25.50591278076172,32.10965347290039,19.05472183227539,22.970579147338867,18.902847290039062,14.66612720489502,16.714555740356445,12.792304039001465,19.398813247680664,6.644622325897217,14.771651268005371
1998-08-01,10.504621505737305,20.321407318115234,27.33993148803711,17.07611083984375,15.94651985168457,15.29252815246582,13.46835994720459,14.586051940917969,10.853470802307129,18.696170806884766,6.210423469543457,13.84364128112793
1998-09-01,11.12989330291748,18.7938289642334,31.193605422973633,19.365293502807617,13.098928451538086,13.564805030822754,14.488311767578125,16.733562469482422,12.341449737548828,17.382551193237305,5.7570881843566895,14.941082954406738
1998-10-01,11.310178756713867,19.99205207824707,36.04864501953125,20.169599533081055,17.41034698486328,15.904086112976074,15.655736923217773,16.09691047668457,12.523789405822754,21.750146865844727,7.278697490692139,15.152636528015137
1998-11-01,12.442784309387207,23.88842010498047,40.14365005493164,20.167442321777344,19.44059181213379,16.52638816833496,15.93786907196045,18.548500061035156,13.086305618286133,21.489574432373047,7.937399387359619,15.955646514892578
1998-12-01,11.57761287689209,22.264934539794922,44.823551177978516,20.819005966186523,21.758132934570312,15.803999900817871,14.081740379333496,21.08562469482422,14.613405227661133,22.39392852783203,8.591753959655762,15.55674934387207
1999-01-01,10.971599578857422,24.491430282592773,44.55006408691406,21.129270553588867,23.697872161865234,15.405948638916016,15.36865520477295,26.60645866394043,15.037192344665527,22.360349655151367,9.073100090026855,14.945119857788086
1999-02-01,11.541558265686035,26.11490821838379,41.32284164428711,21.254724502563477,24.525651931762695,15.066871643066406,14.771553993225098,22.824542999267578,15.451590538024902,22.022029876708984,9.086289405822754,14.242091178894043
1999-03-01,11.63654899597168,23.099868774414062,43.148582458496094,23.27751922607422,25.064685821533203,14.514107704162598,14.110882759094238,27.25262451171875,16.249422073364258,24.098119735717773,9.736030578613281,15.097946166992188
1999-04-01,16.38669776916504,23.563720703125,50.92323684692383,24.273334503173828,25.53986930847168,16.095590591430664,17.750795364379883,24.725011825561523,13.475306510925293,23.152013778686523,9.716227531433105,17.77252769470215
1999-05-01,13.968460083007812,21.615535736083984,56.54052734375,23.127656936645508,22.405439376831055,16.199050903320312,17.21204948425293,24.534955978393555,12.555274963378906,23.044029235839844,9.003352165222168,17.175416946411133
1999-06-01,15.273035049438477,22.867938995361328,62.998844146728516,24.469758987426758,26.778181076049805,14.697476387023926,17.450408935546875,27.42366600036621,12.789959907531738,21.748395919799805,10.20348834991455,16.58408546447754
1999-07-01,15.004983901977539,20.455907821655273,61.262420654296875,22.737512588500977,23.970186233520508,14.356708526611328,17.651119232177734,26.093332290649414,11.92458438873291,22.42914581298828,8.93465518951416,17.067895889282227
1999-08-01,14.493085861206055,20.59505844116211,60.77324295043945,25.606611251831055,26.03086280822754,14.178915977478027,19.07746124267578,28.14582633972168,13.319872856140137,24.580730438232422,9.37081527709961,17.046466827392578
1999-09-01,14.029182434082031,19.29627227783203,59.035125732421875,23.00838851928711,23.44529151916504,11.471253395080566,19.39289093017578,27.537700653076172,12.658285140991211,23.218576431274414,10.068824768066406,16.42513084411621
1999-10-01,14.242874145507812,19.708120346069336,47.93556213378906,26.23268699645996,27.29005241394043,14.027024269104004,19.191009521484375,28.14582633972168,14.003503799438477,26.058549880981445,11.921165466308594,16.006383895874023
1999-11-01,11.941487312316895,20.911338806152344,50.35050582885742,26.052518844604492,24.162269592285156,16.04184913635254,19.39937973022461,27.684974670410156,12.95274543762207,26.83502960205078,12.199024200439453,17.24311065673828
1999-12-01,12.118511199951172,21.942832946777344,52.70161819458008,23.415878295898438,24.299114227294922,13.882081031799316,19.86882209777832,35.50063705444336,11.471796989440918,27.223257064819336,14.644455909729004,17.5148868560791
2000-01-01,10.996403694152832,27.240991592407227,54.83900833129883,21.611042022705078,25.380224227905273,13.68845272064209,19.006061553955078,29.761228561401367,12.798012733459473,25.180173873901367,11.599039077758789,18.017629623413086
2000-02-01,9.085389137268066,25.50619888305664,50.250633239746094,18.14495277404785,25.046022415161133,11.588266372680664,18.018186569213867,27.176584243774414,11.390104293823242,21.89443588256836,10.32791519165039,16.46525764465332
2000-03-01,10.219035148620605,30.945024490356445,57.89218521118164,17.703933715820312,27.4248046875,11.228044509887695,18.094812393188477,32.30785369873047,12.9634428024292,14.13951301574707,11.984845161437988,17.052827835083008
2000-04-01,10.302221298217773,32.72670364379883,54.52992630004883,20.79109764099121,22.80524444580078,11.302801132202148,17.698949813842773,21.209152221679688,14.935659408569336,14.956337928771973,11.746208190917969,16.984498977661133
2000-05-01,9.992015838623047,31.648319244384766,52.5452995300293,22.637048721313477,23.6154842376709,12.76797866821289,17.633737564086914,19.023624420166016,15.808579444885254,16.645965576171875,12.223478317260742,18.313138961791992
2000-06-01,8.849136352539062,29.1164493560791,53.64697265625,25.76702308654785,21.846786499023438,13.784314155578613,17.06821632385254,24.325908660888672,17.051952362060547,14.205389976501465,12.23682975769043,17.255292892456055
2000-07-01,8.983630180358887,28.928913116455078,54.96295928955078,23.538103103637695,23.7906436920166,14.714265823364258,18.520557403564453,21.228158950805664,15.408929824829102,14.354212760925293,11.732494354248047,17.626230239868164
2000-08-01,9.696551322937012,29.221946716308594,64.71347045898438,23.334482192993164,26.686107635498047,12.633115768432617,19.24373435974121,21.228158950805664,15.358566284179688,15.570075035095215,10.113308906555176,18.043588638305664
2000-09-01,8.175926208496094,28.694473266601562,55.20827102661133,23.83805274963379,22.0593318939209,13.271510124206543,18.85259246826172,18.33945083618164,15.992718696594238,16.872495651245117,10.230850219726562,19.694272994995117
2000-10-01,9.351618766784668,26.865907669067383,48.28425979614258,23.378101348876953,21.88075065612793,14.5354642868042,19.990474700927734,20.94308853149414,15.37525749206543,18.076284408569336,9.64622688293457,19.71153450012207
2000-11-01,10.485145568847656,21.708402633666992,45.891605377197266,25.463010787963867,17.733015060424805,15.119690895080566,20.790298461914062,17.446237564086914,15.809003829956055,18.946104049682617,11.094491958618164,19.543899536132812
2000-12-01,12.618852615356445,21.857973098754883,41.71961975097656,26.752092361450195,21.850683212280273,14.712270736694336,25.08365249633789,13.189202308654785,16.41103744506836,19.8475399017334,11.30792236328125,19.30793571472168
2001-01-01,11.88382625579834,23.000442504882812,54.971736907958984,23.713703155517578,26.638172149658203,14.00306224822998,23.033239364624023,18.567508697509766,16.10779571533203,18.26700210571289,12.090163230895996,18.688858032226562
2001-02-01,11.17972183227539,23.378124237060547,49.08871841430664,24.86635398864746,22.602968215942383,12.803147315979004,23.594736099243164,17.94035530090332,16.09359359741211,17.926279067993164,10.66191291809082,18.094776153564453
2001-03-01,11.926827430725098,21.603046417236328,47.260772705078125,22.347259521484375,21.750391006469727,10.942390441894531,21.74274444580078,16.629037857055664,14.645174026489258,15.91751766204834,10.764920234680176,18.083616256713867
2001-04-01,13.586257934570312,22.849376678466797,56.577327728271484,24.649181365966797,23.433916091918945,11.191963195800781,24.904743194580078,20.601011276245117,15.485614776611328,15.362793922424316,11.02924919128418,19.78035545349121
2001-05-01,14.657999992370605,23.88420867919922,55.00254440307617,24.858135223388672,24.0053653717041,11.48514461517334,24.94142723083496,21.03582763671875,15.378350257873535,16.434738159179688,11.03138256072998,19.911483764648438
2001-06-01,13.545653343200684,21.822097778320312,55.83892059326172,25.619665145874023,21.719608306884766,10.946540832519531,23.99912452697754,22.197391510009766,14.360061645507812,16.322179794311523,10.41746711730957,19.6018009185791
2001-07-01,15.010512351989746,19.903507232666016,51.760433197021484,27.742664337158203,21.306333541870117,10.849236488342285,23.53218650817871,20.12665367126465,14.779563903808594,18.268558502197266,11.933125495910645,18.74232292175293
2001-08-01,13.621160507202148,19.208581924438477,49.237545013427734,27.118789672851562,19.387292861938477,11.839284896850586,22.018390655517578,17.347414016723633,13.77306079864502,19.07368278503418,10.257360458374023,18.12077522277832
2001-09-01,12.20455551147461,14.064642906188965,45.18328094482422,28.502765655517578,16.803956985473633,11.520808219909668,20.812772750854492,15.559455871582031,14.416600227355957,18.723857879638672,10.583230972290039,17.78228187561035
2001-10-01,12.274321556091309,14.041983604431152,53.23765563964844,29.794147491455078,17.570077896118164,11.77409839630127,22.077619552612305,17.68189811706543,15.063722610473633,19.08073616027832,10.989459037780762,17.80485725402832
2001-11-01,13.015389442443848,15.462045669555664,57.01237869262695,30.059249877929688,18.742748260498047,11.591337203979492,24.360261917114258,19.524580001831055,15.61097526550293,20.032451629638672,11.791210174560547,16.978567123413086
2001-12-01,14.34109115600586,15.816957473754883,59.66106414794922,30.497879028320312,18.0620059967041,11.638236045837402,25.132007598876953,20.1448917388916,14.363819122314453,20.464338302612305,12.319798469543457,17.841114044189453
2002-01-01,13.901700973510742,16.076507568359375,53.214542388916016,29.6773681640625,17.07889747619629,10.799002647399902,23.599124908447266,19.372547149658203,15.019844055175781,21.22507095336914,12.83999252319336,17.727624893188477
2002-02-01,15.347721099853516,17.557435989379883,48.45949172973633,31.52443504333496,14.671304702758789,11.697479248046875,25.2096004486084,17.739675521850586,14.810674667358398,22.033222198486328,13.274557113647461,18.860517501831055
2002-03-01,15.718214988708496,17.618507385253906,51.36353302001953,33.620887756347656,17.881437301635742,12.95343017578125,24.585407257080078,18.338695526123047,14.369537353515625,23.41046142578125,13.138092041015625,20.01589584350586
2002-04-01,15.196969985961914,17.694847106933594,41.36740493774414,33.0566520690918,17.776729583740234,13.758990287780762,26.891937255859375,15.89090347290039,13.143752098083496,23.552783966064453,11.972172737121582,18.344482421875
2002-05-01,14.54312801361084,17.48873519897461,39.81071090698242,31.86525535583496,18.207231521606445,13.77138614654541,26.944416046142578,15.480402946472168,12.554652214050293,23.36751365661621,11.594958305358887,18.340312957763672
2002-06-01,13.619401931762695,14.427631378173828,35.629207611083984,27.14390754699707,17.17910385131836,13.932049751281738,26.42241668701172,16.632841110229492,12.69979190826416,23.48320770263672,11.805122375488281,18.795028686523438
2002-07-01,12.538385391235352,13.534492492675781,34.837467193603516,27.320493698120117,12.77978801727295,12.424405097961426,27.030366897583008,14.589465141296387,11.73823356628418,23.520383834838867,10.554007530212402,16.884292602539062
2002-08-01,12.24105453491211,11.969593048095703,37.384403228759766,28.312376022338867,13.517087936401367,12.688117980957031,26.97103500366211,14.923952102661133,12.052417755126953,23.430530548095703,11.476775169372559,16.387287139892578
2002-09-01,10.440241813659668,11.557372093200684,28.91861343383789,28.192461013793945,9.723089218139648,11.978808403015137,23.737546920776367,13.300189971923828,10.573184967041016,23.62346076965332,10.58150577545166,14.746253967285156
2002-10-01,11.562870025634766,12.748226165771484,39.14997863769531,30.626989364624023,10.8104248046875,11.609148979187012,27.40059471130371,16.258831024169922,11.575128555297852,23.484146118164062,11.507707595825195,15.559842109680176
2002-11-01,14.124537467956543,15.129927635192871,43.186920166015625,29.826263427734375,13.11316967010498,11.450112342834473,28.165128707885742,17.538969039916992,11.532349586486816,22.443357467651367,11.582921981811523,16.192899703979492
2002-12-01,12.941362380981445,12.605863571166992,38.50653839111328,28.09484100341797,12.503622055053711,10.998533248901367,26.744401931762695,15.720620155334473,11.181219100952148,22.81772232055664,10.870426177978516,16.258039474487305
2003-01-01,12.541877746582031,13.525604248046875,38.85432052612305,28.042543411254883,12.334511756896973,10.150565147399902,27.015535354614258,14.431347846984863,11.158365249633789,22.82829475402832,10.28719711303711,15.8904447555542
2003-02-01,13.403095245361328,13.18553352355957,38.80546188354492,27.5487060546875,11.985721588134766,10.090350151062012,27.335893630981445,14.459453582763672,10.959897994995117,21.83855438232422,10.343154907226562,15.937350273132324
2003-03-01,14.030477523803711,13.154619216918945,39.044410705566406,30.395509719848633,12.530045509338379,10.215254783630371,28.35197639465332,14.770598411560059,11.452393531799316,23.756694793701172,11.216872215270996,16.373029708862305
2003-04-01,15.100351333618164,14.422160148620605,42.26532745361328,29.602386474609375,15.731363296508789,10.19507122039795,27.481985092163086,15.600337028503418,11.301709175109863,24.079875946044922,12.141731262207031,16.490148544311523
2003-05-01,14.971156120300293,15.187322616577148,43.9088020324707,28.670787811279297,17.612701416015625,11.499731063842773,27.722396850585938,15.014644622802734,11.452546119689941,24.607837677001953,11.34191608428955,17.173805236816406
2003-06-01,15.978814125061035,15.264616012573242,41.14580154418945,27.27285385131836,18.320209503173828,11.767255783081055,28.272579193115234,15.64305305480957,12.608137130737305,23.900314331054688,11.589373588562012,16.942609786987305
2003-07-01,19.485511779785156,16.941791534423828,40.52236557006836,27.320341110229492,18.97527503967285,11.402151107788086,30.73202133178711,16.112825393676758,12.3164701461792,23.670583724975586,12.073079109191895,16.786922454833984
2003-08-01,20.74469566345215,15.844285011291504,40.98352813720703,26.278173446655273,18.525928497314453,11.034502029418945,31.37293243408203,16.179935455322266,11.097066879272461,23.514333724975586,12.777029037475586,17.909757614135742
2003-09-01,19.881179809570312,15.589229583740234,44.14188003540039,26.246368408203125,18.58548355102539,10.946085929870605,30.41944694519043,16.960865020751953,11.267677307128906,25.00402069091797,12.060118675231934,17.38719367980957
2003-10-01,21.263399124145508,17.498271942138672,44.716552734375,26.67568588256836,19.624032974243164,11.822588920593262,34.73550796508789,16.037567138671875,11.720166206359863,26.604013442993164,12.74963665008545,17.3776912689209
2003-11-01,22.067169189453125,17.846067428588867,45.32825469970703,26.254934310913086,19.350717544555664,11.904306411743164,34.959808349609375,15.773751258850098,12.509834289550781,26.049144744873047,12.033750534057617,17.31769371032715
2003-12-01,24.08962631225586,18.202983856201172,46.39961242675781,27.51177215576172,20.077735900878906,12.992331504821777,37.60921859741211,16.792203903198242,13.165698051452637,27.03437614440918,11.493720054626465,19.613956451416016
2004-01-01,22.771371841430664,18.725749969482422,49.67884826660156,28.449064254760742,21.457077026367188,12.605762481689453,34.9819221496582,16.96399688720703,13.65013599395752,27.48592758178711,11.667045593261719,19.513498306274414
2004-02-01,22.07770538330078,20.699748992919922,48.390403747558594,28.836639404296875,22.63228416442871,12.790083885192871,34.66401290893555,16.276838302612305,13.718899726867676,27.874767303466797,12.90416145324707,20.298948287963867
2004-03-01,23.045339584350586,19.498180389404297,46.05362319946289,27.13031005859375,23.145395278930664,12.941969871520996,36.374568939208984,15.295202255249023,13.119979858398438,28.51923942565918,12.961394309997559,20.019758224487305
2004-04-01,22.758649826049805,17.968914031982422,44.21327590942383,28.900856018066406,20.913589477539062,13.01144027709961,38.42277908325195,16.03143882751465,13.385747909545898,28.904834747314453,12.377272605895996,20.48186683654785
2004-05-01,22.06180191040039,18.312217712402344,44.51395034790039,29.954891204833984,20.490880966186523,13.212127685546875,37.733150482177734,16.09278106689453,13.29145622253418,29.45949363708496,12.1300630569458,20.953357696533203
2004-06-01,23.259321212768555,19.888301849365234,44.29288864135742,29.94951820373535,21.564369201660156,13.051484107971191,40.16509246826172,17.522300720214844,12.892790794372559,29.74910545349121,11.427029609680176,21.515350341796875
2004-07-01,21.628902435302734,18.01572608947754,43.75019454956055,29.718313217163086,20.947118759155273,11.339899063110352,36.75144577026367,17.47934913635254,12.020232200622559,28.629053115844727,11.53803539276123,22.430994033813477
2004-08-01,21.396400451660156,17.516372680664062,42.644439697265625,31.3989315032959,22.209667205810547,11.559662818908691,36.920372009277344,16.798669815063477,12.35397720336914,30.726139068603516,11.491207122802734,22.468040466308594
2004-09-01,23.67731285095215,17.594396591186523,43.17314529418945,30.442380905151367,22.293848037719727,10.415444374084473,35.84897994995117,17.014028549194336,11.571219444274902,29.710527420043945,11.60683822631836,23.55489730834961
2004-10-01,23.824703216552734,19.677635192871094,45.19231033325195,31.550235748291016,21.843868255615234,10.574076652526855,34.773109436035156,17.2109432220459,10.947279930114746,28.229698181152344,11.763920783996582,23.988651275634766
2004-11-01,27.08157730102539,20.97283172607422,47.54494857788086,32.752708435058594,21.306262969970703,10.287519454956055,35.83641052246094,18.38675308227539,10.564285278320312,29.498323440551758,11.35811996459961,25.113182067871094
2004-12-01,28.844619750976562,21.88446044921875,49.73451614379883,34.435970306396484,22.075885772705078,10.897287368774414,36.95306396484375,18.325027465820312,10.229515075683594,30.380842208862305,11.551996231079102,25.118083953857422
2005-01-01,26.47269630432129,22.537851333618164,47.13125228881836,35.13098907470703,21.310243606567383,10.85802936553955,37.984169006347656,18.02326202392578,9.190967559814453,29.49211311340332,11.460140228271484,25.28469467163086
2005-02-01,28.240514755249023,21.99467658996582,46.796566009521484,35.77383041381836,20.864974975585938,11.200861930847168,37.98484802246094,17.30838966369629,10.076189994812012,29.414552688598633,11.287363052368164,31.174678802490234
2005-03-01,27.167940139770508,22.61656951904297,46.18999481201172,36.624576568603516,19.75179100036621,10.97649097442627,38.77676773071289,16.627336502075195,10.068528175354004,29.364700317382812,10.991616249084473,29.34783172607422
2005-04-01,26.283124923706055,20.782363891601562,38.607933044433594,37.42621612548828,20.462987899780273,11.442736625671387,34.604496002197266,17.404699325561523,10.413470268249512,30.157262802124023,10.340147972106934,28.082324981689453
2005-05-01,28.0920467376709,21.60106658935547,38.28981018066406,36.77121353149414,20.61290740966797,11.756202697753906,34.87617111206055,17.804962158203125,10.767218589782715,30.714176177978516,10.393056869506836,27.8145694732666
2005-06-01,28.450258255004883,19.821969985961914,37.605613708496094,35.62039566040039,20.364980697631836,11.068081855773926,32.89689254760742,17.142452239990234,10.643729209899902,29.377573013305664,10.60650634765625,28.4431095123291
2005-07-01,32.33591079711914,20.18408966064453,42.29871368408203,35.05046081542969,20.45811653137207,11.60093879699707,34.125389099121094,17.673845291137695,10.226927757263184,31.1403865814209,10.859567642211914,29.07661247253418
2005-08-01,33.28359603881836,19.829843521118164,40.957637786865234,34.91745376586914,19.730384826660156,11.66456127166748,32.564510345458984,18.95140266418457,9.903765678405762,31.056427001953125,9.924836158752441,29.791072845458984
2005-09-01,35.23899841308594,18.99540138244629,40.7544059753418,34.85687255859375,19.75368309020996,11.522745132446289,33.57597351074219,17.8093204498291,9.705536842346191,33.284324645996094,9.673184394836426,31.60142707824707
2005-10-01,31.687053680419922,19.18433380126953,41.59775161743164,34.49330520629883,21.53434181213379,11.413362503051758,34.77512741088867,17.78856658935547,8.450078010559082,31.501279830932617,10.443592071533203,27.921039581298828
2005-11-01,34.81420135498047,19.62517547607422,45.272430419921875,34.192230224609375,22.49286651611328,11.464387893676758,36.11075973510742,19.2152042388916,8.311092376708984,32.17641830444336,10.719527244567871,29.00837516784668
2005-12-01,34.80817413330078,19.070026397705078,41.86045837402344,33.27859878540039,23.339658737182617,10.825238227844238,35.65983963012695,18.15309715270996,9.142200469970703,32.564613342285156,10.362431526184082,28.07857894897461
2006-01-01,41.07487869262695,20.13610076904297,41.402164459228516,31.861066818237305,23.574382781982422,11.112584114074707,33.474239349365234,19.54147720336914,10.06739616394043,33.48401641845703,10.209650039672852,31.367822647094727
2006-02-01,44.20845031738281,22.268253326416016,40.964935302734375,32.10279083251953,24.39873695373535,11.271028518676758,34.07487487792969,18.71611785888672,10.366141319274902,33.87973403930664,10.043588638305664,29.83588981628418
2006-03-01,43.4401741027832,22.18869972229004,42.103416442871094,32.97705841064453,24.695280075073242,11.326263427734375,35.0472526550293,18.95294189453125,9.863463401794434,32.579505920410156,10.498583793640137,30.584671020507812
2006-04-01,45.96305465698242,22.244388580322266,42.03704071044922,32.63737487792969,27.13335609436035,11.350613594055176,39.55723190307617,16.82152557373047,10.02574348449707,33.09003448486328,10.007439613342285,31.700321197509766
2006-05-01,44.269954681396484,24.265153884887695,40.93881607055664,33.74205017089844,25.495071411132812,11.910564422607422,38.94413757324219,15.83822250366211,9.453688621520996,30.838926315307617,10.805259704589844,30.763771057128906
2006-06-01,45.198455810546875,23.867366790771484,39.360713958740234,33.57395935058594,25.112407684326172,11.721253395080566,37.59884262084961,16.292736053466797,9.377772331237793,31.60635757446289,10.742814064025879,30.985992431640625
2006-07-01,43.19500732421875,23.620737075805664,39.663002014160156,35.04758071899414,27.499475479125977,12.124489784240723,32.77153396606445,16.824180603027344,10.384675025939941,32.12588882446289,9.924333572387695,34.213382720947266
2006-08-01,40.4400749206543,23.588918685913086,41.652523040771484,36.44007873535156,27.52358627319336,12.20895004272461,33.593441009521484,18.037145614624023,11.1139554977417,35.384220123291016,10.011148452758789,34.336605072021484
2006-09-01,40.104854583740234,24.591346740722656,42.1515007019043,36.59786605834961,28.307199478149414,12.258393287658691,34.86785125732422,19.195175170898438,11.436564445495605,35.42993927001953,11.040918350219727,34.047386169433594
2006-10-01,37.163902282714844,25.028915405273438,47.496337890625,37.98423385620117,28.80162811279297,12.818093299865723,36.938751220703125,20.149660110473633,10.746981620788574,36.41731262207031,11.031970024108887,36.23940658569336
2006-11-01,37.97195816040039,26.293882369995117,47.438873291015625,37.35432052612305,28.097370147705078,12.93416690826416,38.38325500488281,20.676300048828125,11.184087753295898,36.07258605957031,10.320080757141113,39.14331817626953
2006-12-01,37.54343795776367,27.511409759521484,50.138004302978516,37.41666793823242,29.32375717163086,13.326364517211914,36.719932556152344,21.028427124023438,10.537202835083008,36.9228515625,10.376173973083496,39.051597595214844
2007-01-01,39.41813278198242,28.23391342163086,51.17019271850586,37.85873031616211,31.139678955078125,13.224167823791504,35.00950622558594,21.73265266418457,10.675528526306152,37.44614791870117,10.715458869934082,37.762264251708984
2007-02-01,39.63961410522461,27.49535369873047,48.10980987548828,35.873069763183594,30.198087692260742,12.892741203308105,35.126033782958984,19.907058715820312,10.265730857849121,36.6495246887207,10.854769706726074,36.684593200683594
2007-03-01,41.23921203613281,27.639850616455078,48.79310989379883,34.35105514526367,29.58055305480957,13.351988792419434,36.24031448364258,19.695053100585938,10.389114379882812,36.459041595458984,10.599681854248047,38.614013671875
2007-04-01,44.872459411621094,28.081382751464844,52.90837860107422,36.60844802856445,32.081146240234375,14.517500877380371,39.24650192260742,21.157867431640625,10.882660865783691,37.380126953125,10.818679809570312,40.62530517578125
2007-05-01,48.5551872253418,28.450666427612305,55.39561462402344,36.303001403808594,31.914894104003906,14.740036964416504,41.9410400390625,21.75813102722168,11.427460670471191,36.886756896972656,10.79631233215332,42.74872589111328
2007-06-01,48.382164001464844,27.7820987701416,54.69407272338867,35.356266021728516,29.833620071411133,14.64827823638916,41.38315963745117,20.893192291259766,10.62932300567627,35.51692199707031,10.91199016571045,43.113677978515625
2007-07-01,48.894691467285156,26.85441017150879,57.500244140625,34.713626861572266,27.310802459716797,14.592268943786621,42.39879608154297,20.55289077758789,9.772991180419922,36.107425689697266,10.422073364257812,43.75614929199219
2007-08-01,47.014610290527344,27.342670440673828,60.85335922241211,35.69228744506836,27.627269744873047,15.059913635253906,43.62251281738281,20.439952850341797,10.450326919555664,38.12118911743164,9.945796966552734,44.24070739746094
2007-09-01,48.665122985839844,27.985544204711914,61.432254791259766,37.95085144042969,28.43401336669922,16.192134857177734,44.86421585083008,20.959312438964844,10.277838706970215,41.05718231201172,9.950353622436523,47.76531982421875
2007-10-01,46.511932373046875,28.180849075317383,60.55612564086914,37.644710540771484,29.40319061279297,17.400835037231445,41.40278625488281,26.1884708404541,10.353561401367188,40.78007888793945,10.3059663772583,47.471160888671875
2007-11-01,44.82252502441406,26.976470947265625,55.04552459716797,39.37260437011719,28.53984832763672,17.591590881347656,40.15249252319336,23.983745574951172,10.118586540222168,43.40803527832031,10.919174194335938,46.18962860107422
2007-12-01,45.23395919799805,26.552257537841797,56.57368087768555,38.76812744140625,27.307418823242188,17.384809494018555,40.6636848449707,25.41135597229004,9.67994499206543,43.06779479980469,10.883663177490234,48.536407470703125
2008-01-01,44.50447082519531,24.545207977294922,56.05559539794922,36.69894790649414,29.913841247558594,16.71343421936035,38.41154861450195,23.269947052001953,9.9482421875,38.5687255859375,11.618708610534668,44.39715576171875
2008-02-01,45.34455871582031,26.659189224243164,59.81598663330078,36.251956939697266,25.65395736694336,16.560461044311523,38.04698181152344,19.490854263305664,9.622414588928223,39.016780853271484,11.35537338256836,45.27035903930664
2008-03-01,49.08096694946289,25.811946868896484,60.48844528198242,37.9545783996582,27.105485916137695,17.354049682617188,38.410945892333984,20.33641242980957,9.039369583129883,41.31015396118164,12.120344161987305,44.00606155395508
2008-04-01,51.56648635864258,26.675640106201172,63.40934371948242,39.25345230102539,30.31673240661621,16.783851623535156,37.31903076171875,20.436731338500977,8.685224533081055,39.75612258911133,13.339742660522461,48.42330551147461
2008-05-01,52.04514694213867,27.638038635253906,68.2735824584961,39.32387924194336,27.358219146728516,16.324840545654297,37.883644104003906,20.368125915527344,8.494426727294922,39.1631965637207,13.340577125549316,46.38718795776367
2008-06-01,46.49046325683594,25.663894653320312,62.523887634277344,37.909793853759766,21.829320907592773,14.917231559753418,33.990745544433594,19.78555679321289,7.665165424346924,36.05621337890625,12.984761238098145,46.057952880859375
2008-07-01,44.0446662902832,24.9647159576416,67.50873565673828,40.34322738647461,26.139856338500977,14.77947998046875,34.381500244140625,18.4981746673584,8.191679954528809,39.06808090209961,13.54389476776123,42.033817291259766
2008-08-01,44.81128692626953,26.609838485717773,64.46197509765625,41.767608642578125,24.763057708740234,14.9430570602417,35.2194709777832,19.70561981201172,8.523111343383789,41.627655029296875,13.70290756225586,42.02787399291992
2008-09-01,37.759830474853516,25.244384765625,61.93606948852539,41.08563995361328,30.045063018798828,15.283440589904785,33.60115051269531,19.272367477416992,8.22429084777832,41.57992935180664,13.893123626708984,40.79347610473633
2008-10-01,24.445877075195312,21.312541961669922,49.232173919677734,36.37690353393555,26.74351692199707,12.734272956848145,31.628658294677734,16.12408447265625,7.898706912994385,38.753448486328125,12.94665813446045,38.9339485168457
2008-11-01,26.231319427490234,18.524065017700195,43.452754974365234,35.02885055541992,20.526044845581055,13.661603927612305,33.18925857543945,14.699407577514648,7.4574480056762695,38.63935470581055,12.962895393371582,42.343528747558594
2008-12-01,28.586313247680664,18.94365692138672,44.815982818603516,35.776309967041016,20.441761016845703,13.195241928100586,28.532943725585938,14.13237190246582,8.038429260253906,37.12018966674805,13.060914993286133,42.17445755004883
2009-01-01,19.955280303955078,17.265527725219727,48.804481506347656,34.49665069580078,16.740591049194336,12.4519681930542,26.673377990722656,12.431249618530273,6.617746353149414,32.95438766479492,10.978062629699707,40.40465545654297
2009-02-01,15.918939590454102,14.001111030578613,49.2734375,30.146242141723633,14.99500560760498,11.906907081604004,22.787782669067383,11.821123123168945,5.7075700759887695,29.126834869384766,11.471982955932617,36.05256271362305
2009-03-01,18.08588409423828,15.161608695983887,51.87550735473633,31.713842391967773,17.442760467529297,12.946032524108887,24.9232120513916,13.446072578430176,6.314955711364746,28.47378921508789,12.206781387329102,36.15874099731445
2009-04-01,23.311386108398438,18.28409767150879,55.25924301147461,31.569135665893555,21.694339752197266,12.680926322937012,28.87322425842285,14.829472541809082,6.194405555725098,30.153038024902344,11.808478355407715,35.399471282958984
2009-05-01,23.23275375366211,20.221038818359375,57.20017623901367,33.55158996582031,24.25821876525879,14.480706214904785,28.872163772583008,15.387716293334961,7.122701644897461,31.677766799926758,11.71668529510498,37.04220199584961
2009-06-01,21.647218704223633,19.477991104125977,56.19913101196289,34.54912567138672,22.424060821533203,14.25680923461914,30.38909339904785,17.509138107299805,7.033603191375732,31.16545867919922,11.410457611083984,37.34131622314453
2009-07-01,29.2301082611084,20.97244644165039,63.47024154663086,37.03690719604492,25.44598388671875,14.806406021118164,35.65789031982422,17.32498550415039,7.4696879386901855,34.12568283081055,11.749670028686523,37.597694396972656
2009-08-01,30.059385299682617,21.74054718017578,63.83116149902344,37.0611457824707,28.612733840942383,14.488536834716797,36.7230224609375,18.259449005126953,7.909502029418945,33.265010833740234,12.048595428466797,37.16099166870117
2009-09-01,34.05314254760742,22.926084518432617,64.67467498779297,37.337074279785156,28.849761962890625,16.0835018157959,37.588890075683594,19.052045822143555,7.838453769683838,35.60725021362305,11.627002716064453,36.87079620361328
2009-10-01,36.792301177978516,22.8509464263916,65.21540069580078,36.20880126953125,27.53337287902832,15.966694831848145,37.47172927856445,20.54095458984375,8.065793991088867,35.92839813232422,11.766745567321777,38.51520919799805
2009-11-01,39.0174674987793,25.230384826660156,68.62570190429688,38.837615966796875,28.007970809936523,17.25351333618164,39.699851989746094,21.881711959838867,8.688026428222656,38.62302780151367,12.920208930969238,40.577186584472656
2009-12-01,38.08195114135742,27.2357120513916,71.09696197509766,39.80793762207031,27.467453002929688,17.19318389892578,42.381038665771484,22.677814483642578,8.697586059570312,37.55756378173828,12.723515510559082,36.85837936401367
2010-01-01,35.14606857299805,24.95551300048828,66.47482299804688,38.84998321533203,25.698772430419922,16.363693237304688,41.263465881347656,20.96656608581543,8.922320365905762,38.40121841430664,12.718753814697266,34.82599639892578
2010-02-01,38.38214111328125,26.382747650146484,69.37452697753906,39.234439849853516,27.698442459106445,15.902188301086426,41.358985900878906,21.430879592895508,8.470820426940918,39.48057174682617,12.87109661102295,35.363311767578125
2010-03-01,42.28428268432617,29.482131958007812,69.96920776367188,40.60451889038086,29.53311538696289,16.725698471069336,43.12377166748047,21.89433479309082,8.277752876281738,39.47433090209961,13.30990982055664,36.44053649902344
2010-04-01,46.09539794921875,31.112051010131836,70.3783950805664,40.04402542114258,28.132442474365234,16.254331588745117,45.755489349365234,22.828710556030273,8.070206642150879,39.08026885986328,12.840715408325195,36.87031555175781
2010-05-01,41.13316345214844,28.223800659179688,68.68824768066406,36.639041900634766,26.15035629272461,15.63092041015625,41.182865142822266,19.37257194519043,7.428501605987549,38.40756607055664,12.173714637756348,33.116695404052734
2010-06-01,40.66603469848633,26.602327346801758,67.71214294433594,37.11668014526367,24.188077926635742,15.370609283447266,41.016700744628906,17.27763557434082,6.95537805557251,37.70969009399414,11.574176788330078,31.25985336303711
2010-07-01,47.53364944458008,28.45182228088379,70.41014862060547,36.5070686340332,26.649246215820312,16.900924682617188,44.41788864135742,19.38008689880371,7.316317558288574,38.75250244140625,12.325406074523926,32.689453125
2010-08-01,44.40562057495117,27.480627059936523,67.8547592163086,36.17255783081055,24.05577278137207,17.137073516845703,41.04446792602539,17.71704864501953,7.846611022949219,37.80840301513672,12.143045425415039,32.60892105102539
2010-09-01,53.61934280395508,27.953550338745117,73.92221069335938,39.306419372558594,25.180479049682617,18.082658767700195,45.30829620361328,18.487018585205078,8.468027114868164,37.99848556518555,12.961623191833496,34.08739471435547
2010-10-01,53.859859466552734,30.512441635131836,79.13545227050781,40.435638427734375,24.928110122680664,18.94784927368164,44.007205963134766,20.13265609741211,8.591323852539062,40.58918380737305,13.119046211242676,36.68021011352539
2010-11-01,57.97125244140625,30.833354949951172,78.30256652832031,39.3823356628418,24.7757511138916,19.654394149780273,44.157012939453125,19.185434341430664,8.122071266174316,38.992950439453125,13.099663734436035,38.615440368652344
2010-12-01,64.1795425415039,32.02436828613281,81.23629760742188,39.57429122924805,28.10127067565918,20.463342666625977,45.376853942871094,21.198162078857422,8.724993705749512,41.07444381713867,13.133152961730957,40.591732025146484
2011-01-01,66.78771209716797,33.18547439575195,89.67208862304688,38.24342727661133,29.804845809936523,19.554826736450195,46.22865676879883,21.061452865600586,9.078782081604004,40.60707092285156,13.65428638458252,44.7885856628418
2011-02-01,70.86336517333984,37.343265533447266,89.9604721069336,39.667484283447266,30.96546173095703,19.887741088867188,48.78654861450195,20.307331085205078,9.687840461730957,40.555599212646484,12.658285140991211,47.731224060058594
2011-03-01,76.66024780273438,36.7883186340332,90.62174987792969,38.253543853759766,30.574172973632812,20.79034996032715,49.458335876464844,19.39816665649414,10.22661304473877,39.62293243408203,12.764175415039062,46.94994354248047
2011-04-01,79.7862777709961,36.79685974121094,94.7952651977539,42.4307746887207,30.426576614379883,21.1413516998291,51.420806884765625,19.803083419799805,10.558943748474121,42.091793060302734,13.482695579528809,49.09850311279297
2011-05-01,73.14262390136719,35.541831970214844,94.29811096191406,43.82120132446289,28.83289337158203,20.93764877319336,50.21806335449219,19.23308563232422,10.905191421508789,43.45376205444336,13.631150245666504,46.84580993652344
2011-06-01,73.59888458251953,33.33061981201172,95.76063537597656,43.31975555419922,27.299238204956055,21.240747451782227,50.46816635131836,19.99441146850586,10.473048210144043,41.22918701171875,13.117696762084961,45.67282485961914
2011-07-01,68.58487701416016,32.9720344543457,101.51017761230469,42.19313049316406,27.138216018676758,21.4680233001709,46.36579132080078,21.071033477783203,9.786707878112793,40.206886291503906,13.011549949645996,44.78049087524414
2011-08-01,63.17668533325195,29.078922271728516,96.37945556640625,43.23263168334961,25.199296951293945,22.238231658935547,44.44997024536133,20.584922790527344,9.757014274597168,41.638885498046875,13.22502613067627,41.816532135009766
2011-09-01,51.263343811035156,25.749267578125,98.0389404296875,41.8463020324707,20.20774269104004,21.47142791748047,38.45583724975586,19.261613845825195,9.088727951049805,41.31195068359375,12.904279708862305,41.03128433227539
2011-10-01,65.94178771972656,29.778995513916016,103.51077270507812,42.30623245239258,23.52603530883789,21.712963104248047,42.328739166259766,20.60814094543457,9.900951385498047,42.182716369628906,14.102713584899902,44.115821838378906
2011-11-01,68.3292465209961,30.60713768005371,105.82384490966797,42.91765594482422,20.960914611816406,21.521766662597656,43.71751403808594,19.944650650024414,10.421199798583984,42.56505584716797,14.644746780395508,45.71420669555664
2011-12-01,63.247154235839844,32.5534553527832,103.50473022460938,43.48797607421875,22.50404930114746,22.39889907836914,44.089744567871094,20.240934371948242,11.236411094665527,43.975765228271484,14.951414108276367,48.16926574707031
2012-01-01,76.51632690429688,33.76879119873047,108.41315460205078,43.7067985534668,25.42686653137207,21.617799758911133,46.77623748779297,23.024450302124023,11.111791610717773,41.888362884521484,15.35172176361084,47.5895881652832
2012-02-01,80.08548736572266,36.451202392578125,111.16912078857422,43.53760528564453,26.749343872070312,22.363676071166992,47.575374603271484,24.910503387451172,11.08555793762207,44.9316520690918,14.781283378601074,49.42717742919922
2012-03-01,74.6931381225586,38.00508499145508,117.90492248535156,44.126312255859375,31.34391212463379,23.865699768066406,48.44974136352539,25.318607330322266,11.883003234863281,44.65919876098633,15.414180755615234,49.5585823059082
2012-04-01,72.36842346191406,37.4234504699707,117.01773071289062,43.55099105834961,29.490636825561523,24.6105899810791,48.531211853027344,25.130250930786133,12.014158248901367,42.644752502441406,14.83740234375,49.33574676513672
2012-05-01,61.700138092041016,39.680503845214844,109.46145629882812,42.171382904052734,22.745798110961914,24.097867965698242,46.160369873046875,23.05950927734375,11.587495803833008,41.740116119384766,16.690288543701172,45.239681243896484
2012-06-01,59.79181671142578,42.102474212646484,110.98225402832031,45.63667297363281,24.51605987548828,25.38576316833496,48.99856948852539,24.165481567382812,12.18620777130127,41.0432243347168,17.679229736328125,49.23258972167969
2012-07-01,59.67774200439453,42.65806198120117,111.20924377441406,46.758018493652344,24.90727996826172,26.2331485748291,49.88996124267578,23.280696868896484,12.737238883972168,43.62297439575195,18.873565673828125,49.96906280517578
2012-08-01,60.47144317626953,42.944522857666016,111.04012298583984,45.962772369384766,25.696008682250977,24.28514862060547,50.96171188354492,24.50846290588379,12.758625984191895,45.41413879394531,18.50908660888672,50.554378509521484
2012-09-01,60.97460174560547,45.38386154174805,118.2205810546875,46.971595764160156,28.006853103637695,24.79669761657715,50.86265182495117,23.665542602539062,13.288008689880371,46.88085174560547,18.81502342224121,52.95756530761719
2012-10-01,60.46589660644531,42.640689849853516,110.85774230957031,48.27350997924805,29.050060272216797,24.306400299072266,48.210018157958984,22.695383071899414,13.298701286315918,47.18405532836914,19.126056671142578,52.795440673828125
2012-11-01,60.772464752197266,43.10946273803711,108.79014587402344,47.95085525512695,28.631893157958984,24.960262298583984,50.38556671142578,21.342517852783203,13.499099731445312,47.58610916137695,18.361221313476562,51.3603515625
2012-12-01,64.25611877441406,43.886051177978516,109.63725280761719,48.20528030395508,30.646141052246094,23.86100959777832,51.438140869140625,21.414669036865234,13.531464576721191,46.26408004760742,17.49150276184082,50.433841705322266
2013-01-01,70.55194854736328,47.49106979370117,116.23096466064453,50.832157135009766,33.018123626708984,24.512664794921875,55.70386505126953,22.00797462463379,14.847081184387207,51.633541107177734,17.932443618774414,52.426719665527344
2013-02-01,66.23522186279297,48.116878509521484,115.43267059326172,52.756797790527344,34.330421447753906,25.48684310913086,57.970943450927734,22.473112106323242,14.8960599899292,52.3342399597168,18.14522361755371,52.51536560058594
2013-03-01,62.363075256347656,50.0648193359375,122.60015106201172,56.51374816894531,33.30585479736328,26.81170082092285,59.25858688354492,23.127906799316406,15.706989288330078,52.938785552978516,19.307241439819336,52.84375762939453
2013-04-01,61.10383224487305,55.38861846923828,116.41551971435547,59.0784797668457,34.6086311340332,28.064769744873047,58.36671447753906,26.75755500793457,15.821283340454102,53.127044677734375,20.052913665771484,52.186946868896484
2013-05-01,61.9193229675293,55.60016632080078,120.12576293945312,58.78927993774414,38.54897689819336,26.513351440429688,61.81635665893555,28.410484313964844,14.94340705871582,53.1201286315918,19.42565155029297,53.42190933227539
2013-06-01,59.53059387207031,55.661861419677734,110.36070251464844,59.96255111694336,37.27791213989258,26.77672004699707,61.30059051513672,28.117420196533203,15.371459007263184,53.27928924560547,19.33480453491211,53.35107421875
2013-07-01,60.250816345214844,56.9839973449707,112.63015747070312,65.29813385009766,39.64097595214844,26.75667953491211,65.8301773071289,25.919477462768555,16.171791076660156,55.98616027832031,20.23029136657715,55.35871887207031
2013-08-01,59.9819221496582,53.61695861816406,105.78202056884766,60.80131530761719,35.942203521728516,25.48828887939453,64.0241470336914,27.381000518798828,15.607470512390137,54.30588150024414,19.057889938354492,51.82309341430664
2013-09-01,60.606868743896484,56.84296417236328,107.47088623046875,60.99834060668945,36.76729965209961,25.471914291381836,67.31049346923828,27.282615661621094,15.895155906677246,52.7022819519043,19.313810348510742,51.157188415527344
2013-10-01,61.0020751953125,60.45680618286133,104.00611114501953,65.16386413574219,36.93070983886719,26.60834312438965,70.940673828125,29.028766632080078,16.979555130004883,56.74006271362305,20.042387008666992,53.285762786865234
2013-11-01,61.90948486328125,62.17558288574219,104.8388442993164,67.07132720947266,41.00066375732422,27.214574813842773,75.6278076171875,31.495664596557617,17.69084930419922,59.17831802368164,21.154827117919922,55.95899200439453
2013-12-01,66.45392608642578,68.17208099365234,109.4425048828125,64.89605712890625,41.90351104736328,27.972978591918945,79.44573974609375,30.900941848754883,17.077547073364258,57.20382308959961,20.668611526489258,60.5803108215332
2014-01-01,69.17157745361328,64.79025268554688,103.08847045898438,62.68537521362305,39.927330017089844,25.609729766845703,72.61427307128906,31.256135940551758,16.94931411743164,54.245365142822266,19.61534881591797,55.168819427490234
2014-02-01,71.42549133300781,72.10714721679688,108.63444519042969,65.74128723144531,40.9803352355957,25.867046356201172,76.82035827636719,31.88164710998535,18.052003860473633,55.68962860107422,19.62059783935547,58.03730010986328
2014-03-01,73.19326782226562,71.44684600830078,112.92888641357422,70.1016845703125,43.785926818847656,26.385955810546875,77.35065460205078,34.11194610595703,18.0576171875,57.0630989074707,20.20451545715332,58.88735580444336
2014-04-01,78.09192657470703,70.79544067382812,115.26387786865234,72.28545379638672,40.62897872924805,27.83970832824707,79.30634307861328,33.620933532714844,17.58538246154785,58.910614013671875,21.071592330932617,61.7388801574707
2014-05-01,75.74325561523438,74.9625244140625,108.78897857666016,72.91139221191406,40.331424713134766,27.921600341796875,81.77777862548828,34.31068420410156,16.806236267089844,57.65461730957031,20.4200496673584,61.01696014404297
2014-06-01,80.51470184326172,76.50619506835938,106.96559143066406,75.18223571777344,41.819252014160156,29.128684997558594,82.17361450195312,34.9476203918457,16.834598541259766,56.08460235595703,19.967853546142578,61.10801315307617
2014-07-01,75.11870574951172,76.6311264038086,113.10254669189453,71.92687225341797,42.14812469482422,27.017608642578125,80.82545471191406,36.171207427978516,16.4223575592041,55.61909484863281,19.571533203125,60.0518913269043
2014-08-01,81.32207489013672,80.2003402709961,114.14543151855469,75.04684448242188,43.44904708862305,28.688589096069336,83.10216522216797,38.311439514160156,16.817182540893555,59.784053802490234,20.214542388916016,60.78805160522461
2014-09-01,73.83629608154297,79.44189453125,112.67926788330078,77.11602783203125,44.026424407958984,29.548694610595703,81.76331329345703,39.095726013183594,16.92017936706543,60.23722839355469,20.4742488861084,57.48157501220703
2014-10-01,76.18679809570312,81.53878784179688,97.58454895019531,77.97697448730469,44.49962615966797,29.00841522216797,88.74042510986328,39.59326171875,17.13762092590332,63.257957458496094,20.420696258544922,59.107303619384766
2014-11-01,75.5782699584961,82.54711151123047,96.9196548461914,78.82707214355469,44.264183044433594,31.266389846801758,92.88358306884766,40.57279968261719,17.9786376953125,65.54849243164062,23.438154220581055,55.735836029052734
2014-12-01,68.76422119140625,85.11442565917969,95.88574981689453,76.14732360839844,46.04474639892578,29.446063995361328,95.33779907226562,39.41865921020508,17.9786376953125,66.02691650390625,23.12215805053711,56.91162872314453
2015-01-01,60.57208251953125,82.19562530517578,91.62455749511719,72.92140197753906,40.2687873840332,28.7137508392334,94.16580200195312,34.284488677978516,18.036354064941406,61.53245544433594,22.879844665527344,53.815189361572266
2015-02-01,62.7913932800293,94.05146026611328,97.4611587524414,75.16976165771484,45.37830352783203,30.199283599853516,98.45864868164062,37.47706604003906,19.98298454284668,62.14567565917969,22.597145080566406,54.914913177490234
2015-03-01,60.617515563964844,94.78341674804688,96.59446716308594,73.76918029785156,44.85995864868164,28.5159969329834,96.298583984375,34.75068283081055,20.25665283203125,59.81692886352539,22.2778377532959,52.71931457519531
2015-04-01,66.35135650634766,98.24437713623047,103.08834075927734,72.74259185791016,47.15586471557617,28.523029327392578,91.30123138427734,41.5709114074707,19.755910873413086,58.50987243652344,21.14024543762207,54.189239501953125
2015-05-01,65.15998840332031,99.73540496826172,102.87395477294922,73.96734619140625,49.03434753417969,28.80431365966797,93.45892333984375,40.30989074707031,20.400775909423828,57.685691833496094,20.243371963500977,53.28041458129883
2015-06-01,64.77811431884766,103.14212799072266,98.63528442382812,71.9877700805664,50.51030349731445,27.815332412719727,90.65068054199219,37.978694915771484,19.684547424316406,57.57530212402344,19.333005905151367,52.02970504760742
2015-07-01,60.60520553588867,109.06817626953125,98.22897338867188,74.0190200805664,51.41815948486328,29.127031326293945,88.91168975830078,40.17225646972656,21.169836044311523,56.90423583984375,19.619197845458984,49.53452682495117
2015-08-01,58.91726303100586,92.598876953125,90.42340087890625,69.94831848144531,48.094329833984375,27.879138946533203,84.08787536621094,37.683624267578125,19.063302993774414,52.4305305480957,17.76357650756836,47.49210739135742
2015-09-01,50.37718200683594,92.88972473144531,88.6380386352539,69.47944641113281,45.74589157104492,28.69281578063965,83.86897277832031,38.324378967285156,18.584054946899414,53.37275314331055,17.79376792907715,46.930328369140625
2015-10-01,56.88682556152344,103.37844848632812,85.648193359375,75.19558715820312,48.554710388183594,30.287654876708984,93.0030517578125,45.5805549621582,20.009958267211914,57.176124572753906,15.708127975463867,52.226165771484375
2015-11-01,56.62184524536133,103.133056640625,86.04423522949219,75.90738677978516,50.391082763671875,30.71451759338379,93.23900604248047,47.378440856933594,19.545207977294922,56.02329635620117,16.147207260131836,51.993797302246094
2015-12-01,52.96656036376953,96.11959838867188,84.93336486816406,77.0170669555664,49.89987564086914,30.959537506103516,89.70187377929688,48.363502502441406,19.25295639038086,59.444305419921875,16.96320343017578,49.6316032409668
2016-01-01,49.115867614746094,87.64921569824219,77.01520538330078,78.3066635131836,45.266700744628906,30.930707931518555,89.91622924804688,48.02352523803711,18.185333251953125,61.68404769897461,18.363426208496094,49.56794357299805
2016-02-01,53.42454147338867,87.37478637695312,81.6922836303711,79.45568084716797,42.83217239379883,31.082048416137695,94.0865707397461,44.67200469970703,17.874170303344727,60.626914978027344,18.357891082763672,51.495540618896484
2016-03-01,60.40052032470703,90.84161376953125,94.42338562011719,81.71373748779297,45.05367660522461,33.69211959838867,99.94037628173828,48.491249084472656,17.856101989746094,62.15221405029297,19.093164443969727,53.705718994140625
2016-04-01,61.929718017578125,94.45478820800781,90.98809051513672,84.64397430419922,48.43758010864258,32.5373420715332,100.39019012451172,43.78522491455078,19.705562591552734,60.99412536621094,18.641542434692383,56.79610061645508
2016-05-01,57.77824020385742,90.75929260253906,96.77611541748047,85.7122802734375,50.02406692504883,32.39207458496094,101.62620544433594,46.858802795410156,21.091604232788086,61.694515228271484,19.87601661682129,57.67512512207031
2016-06-01,60.40779113769531,89.47867584228516,95.54236602783203,92.26106262207031,47.625186920166016,33.174739837646484,105.7317886352539,45.24085235595703,21.40160369873047,64.4579849243164,20.505035400390625,60.73317337036133
2016-07-01,66.5810317993164,88.40567016601562,101.10697174072266,95.25021362304688,49.409400939941406,31.930583953857422,107.68804931640625,50.112396240234375,22.42275047302246,65.66897583007812,20.490995407104492,57.62974166870117
2016-08-01,65.92937469482422,87.0328598022461,100.87540435791016,91.37580108642578,52.13591003417969,31.78422737121582,108.89364624023438,51.11865234375,21.328218460083008,66.9886245727539,20.19869041442871,56.93851852416992
2016-09-01,71.41612243652344,85.55867004394531,100.85633087158203,90.44932556152344,51.43302917480469,31.224899291992188,107.06501007080078,51.24319839477539,20.758241653442383,68.8607177734375,20.39094352722168,57.029998779296875
2016-10-01,67.73686981201172,85.40201568603516,97.5802001953125,88.81078338623047,53.88417434692383,31.283931732177734,100.42471313476562,53.307167053222656,19.434417724609375,67.11151123046875,19.79720115661621,54.44248580932617
2016-11-01,77.55735778808594,91.3264389038086,103.930419921875,85.80866241455078,62.37215805053711,30.0230712890625,105.00617218017578,53.971797943115234,19.894412994384766,63.755916595458984,19.91312599182129,57.548187255859375
2016-12-01,75.26858520507812,96.76549530029297,106.34576416015625,88.82313537597656,67.13349914550781,30.8489933013916,109.18220520019531,55.65562438964844,20.104873657226562,65.00849151611328,19.682601928710938,59.499420166015625
2017-01-01,78.2826919555664,102.7355728149414,111.81073760986328,87.3120346069336,66.20631408691406,30.930835723876953,106.88932800292969,57.90370559692383,19.6406307220459,68.26683044433594,19.004873275756836,55.300315856933594
2017-02-01,79.10103607177734,102.21562194824219,116.11720275878906,94.8433609008789,70.89231872558594,31.221019744873047,114.68106079101562,57.65101623535156,21.335187911987305,70.97099304199219,20.198020935058594,54.09632873535156
2017-03-01,75.90949249267578,105.27958679199219,112.44944763183594,96.65938568115234,68.71751403808594,31.85689926147461,117.74579620361328,59.34505081176758,21.391468048095703,70.02025604248047,20.676420211791992,54.55535888671875
2017-04-01,84.37889862060547,107.33149719238281,103.50590515136719,95.82122039794922,68.45145416259766,32.38984298706055,120.51513671875,61.6878662109375,21.21013069152832,68.57754516601562,21.565662384033203,54.31587600708008
2017-05-01,86.99456787109375,100.21941375732422,99.52235412597656,100.19084930419922,64.63545227050781,34.131309509277344,126.58378601074219,63.29204559326172,20.613616943359375,69.17430877685547,22.69758415222168,54.056549072265625
2017-06-01,88.66962432861328,98.65027618408203,100.30477905273438,103.34697723388672,71.91336822509766,33.942970275878906,128.8867645263672,62.467369079589844,21.207080841064453,68.43617248535156,21.854372024536133,54.210975646972656
2017-07-01,94.70346069335938,102.82635498046875,94.33203125,103.68287658691406,72.62538146972656,34.69221878051758,124.54082489013672,65.88394165039062,20.93560218811035,71.8776626586914,23.098981857299805,53.747650146484375
2017-08-01,97.64556121826172,94.6604995727539,94.24803924560547,104.0672607421875,71.90544128417969,34.47275161743164,127.21847534179688,68.12086486816406,21.624622344970703,73.02521514892578,22.686342239379883,51.753173828125
2017-09-01,103.64606475830078,92.20044708251953,95.598876953125,102.21186065673828,75.5604248046875,34.33511734008789,130.69285583496094,67.86575317382812,22.759397506713867,72.00426483154297,22.706684112548828,55.58397674560547
2017-10-01,113.5361099243164,91.48955535888672,101.51612091064453,109.60201263427734,80.06046295166016,35.0750732421875,143.3262481689453,75.782958984375,22.35138511657715,68.84407806396484,25.37139892578125,56.512874603271484
2017-11-01,118.0090103149414,98.04657745361328,102.4709243774414,110.20991516113281,83.17183685302734,35.20110321044922,152.15316772460938,77.07003784179688,23.3276424407959,71.75444793701172,28.254045486450195,56.994815826416016
2017-12-01,131.74539184570312,101.37171173095703,102.10488891601562,110.51838684082031,85.09757995605469,35.28572082519531,147.29086303710938,78.32447814941406,23.301904678344727,73.26143646240234,28.846973419189453,57.234317779541016
2018-01-01,136.7245635986328,102.46549224853516,108.94645690917969,109.30815887451172,92.52397918701172,36.60084915161133,156.7589569091797,86.99566650390625,23.829442977905273,69.36891174316406,31.140121459960938,59.73883819580078
2018-02-01,129.87905883789062,97.27008056640625,104.7298812866211,103.39282989501953,92.38796997070312,33.23993682861328,148.24752807617188,86.26358032226562,23.576221466064453,63.086021423339844,26.293834686279297,52.35839080810547
2018-03-01,123.78954315185547,94.70536804199219,103.11689758300781,102.01563262939453,87.96454620361328,33.69629669189453,138.18218994140625,83.9637222290039,23.043790817260742,63.696632385253906,26.14497947692871,51.57722473144531
2018-04-01,121.86341094970703,94.60165405273438,97.42439270019531,100.69416809082031,87.45390319824219,33.52561569213867,122.36353302001953,86.03359985351562,23.77100372314453,58.65860366821289,25.9951171875,53.747886657714844
2018-05-01,128.23687744140625,93.79075622558594,96.02555847167969,95.9314193725586,86.03091430664062,33.36267852783203,125.00035858154297,91.32185363769531,23.557218551635742,59.33161926269531,24.408246994018555,56.729736328125
2018-06-01,114.52763366699219,98.82587432861328,94.93153381347656,97.31082916259766,83.77181243896484,34.3330078125,124.67708587646484,91.1093521118164,23.78668975830078,63.296791076660156,25.327919006347656,57.77019500732422
2018-07-01,122.135009765625,107.93700408935547,98.48551177978516,106.27684020996094,92.91650390625,36.50132751464844,134.56407165527344,98.01116943359375,26.179790496826172,66.17866516113281,26.386577606201172,56.91826629638672
2018-08-01,117.93077087402344,106.47325134277344,100.61419677734375,108.7369613647461,92.61741638183594,34.88878631591797,134.57275390625,104.18514251708984,27.454050064086914,67.87239837646484,28.511802673339844,56.55997848510742
2018-09-01,129.51573181152344,111.14964294433594,103.8631362915039,111.54641723632812,91.21096801757812,36.46443557739258,134.4387664794922,106.07723999023438,29.140178680419922,68.10151672363281,27.931812286376953,59.98164749145508
2018-10-01,103.69856262207031,109.14411163330078,79.28654479980469,113.0157470703125,88.74026489257812,37.79860305786133,121.3911361694336,99.06539154052734,28.47233772277832,73.20205688476562,29.826454162597656,56.21428298950195
2018-11-01,115.96426391601562,109.77143859863281,86.44573211669922,119.34947204589844,90.506591796875,40.102630615234375,133.5646514892578,103.29387664794922,30.804309844970703,78.0145034790039,29.044200897216797,56.65585708618164
2018-12-01,108.61334991455078,105.0290298461914,79.07207489013672,104.8471908569336,79.46089172363281,37.6757926940918,122.39997100830078,94.61231231689453,29.085186004638672,75.87657928466797,27.856958389282227,48.59577178955078
2019-01-01,114.5510482788086,106.82022094726562,93.50637817382812,108.12137603759766,84.93126678466797,38.29642105102539,128.669677734375,97.2763900756836,28.532630920410156,80.26224517822266,28.658422470092773,52.223167419433594
2019-02-01,118.14688110351562,108.08458709716797,97.2066650390625,111.7499771118164,85.6369857788086,36.07645797729492,134.145263671875,104.80146789550781,29.137561798095703,81.99275207519531,29.603437423706055,56.94618606567383
2019-03-01,116.555419921875,106.3508529663086,99.29676818847656,114.32616424560547,83.06851959228516,37.61139678955078,134.39749145507812,110.33014678955078,28.546066284179688,86.56874084472656,29.323747634887695,58.221588134765625
2019-04-01,120.66322326660156,131.19766235351562,98.7126693725586,115.4793472290039,95.95838928222656,39.377193450927734,122.57998657226562,122.1733169555664,27.295873641967773,89.21585845947266,30.920276641845703,57.8469123840332
2019-05-01,103.69142150878906,126.4754409790039,90.42864227294922,107.99392700195312,87.6152572631836,39.43338394165039,104.21456909179688,116.1280288696289,28.15505027770996,86.22470092773438,30.661373138427734,51.5788459777832
2019-06-01,117.95430755615234,133.75514221191406,98.19757080078125,114.6884765625,92.4441909790039,41.189144134521484,113.08014678955078,125.78036499023438,29.37565040588379,91.87190246582031,33.396827697753906,55.84975051879883
2019-07-01,114.83271026611328,137.83143615722656,105.56060791015625,107.2281265258789,96.59609985351562,42.572357177734375,113.98040008544922,127.9493179321289,26.33771324157715,99.54208374023438,33.36358642578125,54.19532012939453
2019-08-01,103.78289794921875,132.28965759277344,97.64704895019531,106.48855590820312,91.483154296875,44.52180480957031,106.46509552001953,129.87327575683594,24.332273483276367,101.38887786865234,34.70635223388672,50.53042984008789
2019-09-01,110.15811157226562,125.60098266601562,104.77264404296875,107.33477783203125,98.00340270996094,44.358428955078125,108.22940063476562,130.97549438476562,24.592369079589844,104.8885498046875,36.04893493652344,52.10211944580078
2019-10-01,121.12345123291016,125.21544647216797,96.35016632080078,109.54151153564453,104.85730743408203,44.35027313232422,108.61781311035156,135.0640411376953,26.262426376342773,105.66889953613281,35.61760711669922,49.858943939208984
2019-11-01,127.21475982666016,146.09112548828125,98.0130615234375,114.85313415527344,110.59876251220703,43.836036682128906,112.73223114013672,143.09524536132812,26.61990737915039,103.58964538574219,36.17346954345703,50.87843704223633
2019-12-01,129.8077850341797,140.22793579101562,97.71416473388672,121.85343933105469,117.0117416381836,45.43678665161133,117.1480484008789,149.06936645507812,27.07600975036621,105.99988555908203,36.25945281982422,52.11063766479492
2020-01-01,116.26387023925781,134.1002655029297,104.7780990600586,124.35948181152344,111.815673828125,47.94053268432617,105.3548583984375,160.9136505126953,25.99822235107422,106.39059448242188,34.93221664428711,46.390262603759766
2020-02-01,109.97050476074219,114.06910705566406,95.86911010742188,113.05502319335938,98.08792114257812,43.90991973876953,99.99712371826172,153.5617218017578,23.331382751464844,96.666748046875,32.854408264160156,38.966102600097656
2020-03-01,102.71228790283203,93.65979766845703,81.71159362792969,110.2387924194336,76.05594635009766,36.643375396728516,91.46749114990234,149.48602294921875,22.786840438842773,93.90919494628906,34.82015609741211,28.762496948242188
2020-04-01,103.95899200439453,104.85826110839844,92.48809814453125,126.13610076904297,81.73719024658203,38.001461029052734,101.79283905029297,169.86488342285156,26.780126571655273,101.2990951538086,37.25039291381836,35.201297760009766
2020-05-01,107.30875396728516,113.72976684570312,93.23580169677734,125.91849517822266,83.06019592285156,38.655662536621094,105.861083984375,174.17791748046875,26.927152633666992,99.62322998046875,38.18687057495117,35.111637115478516
2020-06-01,112.99891662597656,108.1159896850586,90.15282440185547,119.0448226928711,80.28614807128906,37.33559036254883,105.55657958984375,193.4349365234375,23.056236267089844,102.76010131835938,36.86943435668945,34.53248977661133
2020-07-01,119.58695983886719,113.38072204589844,91.77268981933594,123.38739776611328,83.29210662841797,39.474796295166016,101.82125854492188,194.86061096191406,27.39679718017578,113.39740753173828,39.8305549621582,32.493892669677734
2020-08-01,128.0735626220703,127.85629272460938,93.2541275024414,130.7275390625,86.35181427001953,41.38835525512695,111.31779479980469,214.88296508789062,26.905534744262695,119.63289642333984,42.915061950683594,31.449840545654297
2020-09-01,134.22930908203125,120.30339813232422,92.01387023925781,126.86734771728516,82.97323608398438,41.58860397338867,109.37849426269531,200.4005584716797,26.12948226928711,120.20369720458984,43.24268341064453,27.032373428344727
2020-10-01,142.20236206054688,117.55953216552734,84.4437255859375,116.83758544921875,85.2828598022461,40.48508071899414,109.22828674316406,192.91162109375,25.26087188720703,119.22750854492188,42.8841552734375,25.685876846313477
2020-11-01,157.17860412597656,143.5050506591797,94.7674560546875,124.1450424194336,102.5412368774414,43.807952880859375,118.96855926513672,204.49798583984375,29.044309616088867,120.76676177978516,47.22357940673828,30.748981475830078
2020-12-01,164.81163024902344,175.6654510498047,96.57814025878906,135.04246520996094,110.53541564941406,46.558677673339844,120.38740539550781,212.47462463378906,27.9071044921875,121.00154113769531,44.71602249145508,33.240840911865234
2021-01-01,166.4349365234375,163.0514373779297,91.38401794433594,139.97633361816406,112.7332992553711,40.878936767578125,120.98662567138672,221.5880889892578,27.513290405273438,112.1689224243164,43.5806770324707,36.160091400146484
2021-02-01,196.510498046875,183.28622436523438,92.46522521972656,136.81707763671875,128.94192504882812,41.592079162597656,121.56695556640625,222.5005645751953,25.666288375854492,108.074462890625,40.30180358886719,44.58991241455078
2021-03-01,211.06581115722656,178.90380859375,103.60646057128906,141.90257263183594,133.37522888183594,45.1228141784668,133.80284118652344,225.74642944335938,27.766189575195312,118.48558044433594,42.311031341552734,45.787296295166016
2021-04-01,208.581787109375,180.35813903808594,110.30831146240234,140.50379943847656,135.55322265625,46.21000289916992,136.89996337890625,241.45877075195312,29.620845794677734,117.4738998413086,43.581966400146484,46.94366455078125
2021-05-01,220.44146728515625,173.2124481201172,113.00306701660156,147.04502868652344,144.74522399902344,47.3314323425293,142.03469848632812,239.61705017089844,29.974628448486328,118.73297119140625,44.41608428955078,48.56776428222656
2021-06-01,198.9989776611328,170.42013549804688,115.24359893798828,143.1267547607422,137.077880859375,46.670318603515625,138.94973754882812,259.9818420410156,30.307422637939453,118.80339813232422,44.1002311706543,52.4868049621582
2021-07-01,190.06492614746094,170.66250610351562,110.81754302978516,149.60800170898438,134.53497314453125,49.1888427734375,138.46702575683594,273.4272155761719,33.43238067626953,126.01853942871094,44.57870864868164,47.90211486816406
2021-08-01,193.8524627685547,175.7818145751953,111.60032653808594,151.30984497070312,141.7767333984375,48.56784439086914,137.26840209960938,290.2679138183594,35.978275299072266,126.16031646728516,46.484745025634766,46.05093002319336
2021-09-01,176.47769165039062,164.02099609375,110.47906494140625,141.14559936523438,145.09178161621094,45.597354888916016,123.65013122558594,271.07562255859375,33.58856964111328,123.86556243896484,43.74776840209961,49.6829719543457
2021-10-01,188.58157348632812,163.92405700683594,99.48126220703125,142.3516387939453,151.4947967529297,48.98651885986328,125.94802856445312,318.8639221191406,34.15866470336914,127.47734832763672,46.8990592956543,54.45531463623047
2021-11-01,178.727783203125,140.4897003173828,98.70281982421875,137.17022705078125,141.63235473632812,45.933448791503906,120.83329010009766,318.45501708984375,42.32865524291992,128.89486694335938,44.14010238647461,51.223812103271484
2021-12-01,191.10516357421875,150.17564392089844,112.66114044189453,150.48873901367188,141.2042999267578,51.85355758666992,126.22688293457031,323.9747009277344,46.51976776123047,145.83360290527344,45.597293853759766,52.379417419433594
2022-01-01,187.22093200683594,138.6184539794922,112.58526611328125,151.5619354248047,133.30433654785156,53.42991638183594,117.97660827636719,299.56488037109375,41.82493591308594,143.8154754638672,44.05942153930664,65.0227279663086
2022-02-01,174.2354736328125,143.9413604736328,104.5067138671875,145.70004272460938,127.2042236328125,54.50709915161133,106.654296875,288.4174499511719,37.2606315612793,139.72821044921875,42.59402084350586,67.8727035522461
2022-03-01,206.96847534179688,132.9852752685547,110.91310119628906,156.90841674804688,122.28828430175781,54.71255874633789,106.81932830810547,297.6070251464844,41.094642639160156,136.9585723876953,47.11183166503906,71.48184967041016
2022-04-01,196.4999237060547,108.23233032226562,112.7812728881836,159.76806640625,107.86768341064453,57.01578140258789,103.47582244873047,267.8858642578125,38.95140838623047,144.7124481201172,48.3994140625,73.7840805053711
2022-05-01,201.4558563232422,107.07855987548828,119.8736801147461,159.96607971191406,119.4985580444336,55.93035125732422,108.19596099853516,263.043212890625,42.446109771728516,133.29232788085938,40.840877532958984,83.9393539428711
2022-06-01,166.83921813964844,91.52677154541016,121.90264892578125,158.1661834716797,101.76761627197266,55.916683197021484,93.78819274902344,248.49154663085938,41.95795440673828,129.6057586669922,38.60245895385742,74.88089752197266
2022-07-01,186.31825256347656,102.87065887451172,112.92333984375,155.5020294189453,105.17500305175781,57.036624908447266,103.81130981445312,271.62530517578125,40.735084533691406,126.01997375488281,41.92675018310547,84.75251007080078
2022-08-01,173.59317016601562,108.66864776611328,112.30030059814453,144.72421264648438,103.68893432617188,54.85007858276367,91.04589080810547,253.5178985595703,36.476898193359375,125.13998413085938,42.268798828125,84.3929443359375
2022-09-01,154.2047882080078,91.45890045166016,103.872314453125,146.5361785888672,95.2738265991211,50.1556396484375,80.90526580810547,225.81674194335938,35.2913818359375,114.53473663330078,41.35995864868164,77.08283233642578
2022-10-01,204.7935028076172,103.2972640991211,120.90313720703125,156.0535125732422,115.79302215576172,53.584686279296875,92.10020446777344,225.07020568847656,37.54144287109375,123.04046630859375,45.38753128051758,97.83012390136719
2022-11-01,223.66824340820312,94.89114379882812,131.73126220703125,160.69903564453125,127.10741424560547,57.35498809814453,93.31197357177734,248.0775604248047,40.7751350402832,136.27919006347656,48.605125427246094,99.08937072753906
2022-12-01,226.6484375,84.23564147949219,124.64488220214844,159.48028564453125,123.3543472290039,57.35498809814453,88.83043670654297,233.18161010742188,41.67799377441406,138.471923828125,45.38578414916992,98.16380310058594
2023-01-01,239.83071899414062,105.18790435791016,119.19514465332031,147.53619384765625,129.6957550048828,55.2901725769043,85.24522399902344,240.95042419433594,36.248966217041016,130.9009552001953,46.051578521728516,103.24553680419922
2023-02-01,227.71987915039062,96.57818603515625,115.79633331298828,139.3588409423828,132.837158203125,53.65816879272461,80.86483764648438,243.12332153320312,33.30209732055664,126.46954345703125,45.4946174621582,98.56940460205078
2023-03-01,217.5387725830078,97.08236694335938,117.39935302734375,140.94100952148438,120.75343322753906,56.35936737060547,78.890869140625,281.0218200683594,33.49089050292969,136.7022247314453,47.390953063964844,98.34520721435547
2023-04-01,209.12359619140625,99.3802261352539,113.20816040039062,148.85189819335938,129.1072540283203,58.28557205200195,79.72399139404297,299.5031433105469,31.923059463500977,144.67239379882812,48.52228927612305,106.12960052490234
2023-05-01,196.65074157714844,85.28277587890625,116.73074340820312,142.05938720703125,126.7444076538086,54.20603942871094,71.0988998413086,320.7994689941406,31.546613693237305,131.8314971923828,47.383853912353516,92.43215942382812
2023-06-01,235.16847229003906,86.56259155273438,121.46935272216797,151.64242553710938,135.83157348632812,55.13154983520508,76.26500701904297,332.6686096191406,30.43476676940918,140.37974548339844,50.71011734008789,97.01849365234375
2023-07-01,254.69802856445312,86.18446350097656,130.88299560546875,153.48388671875,148.53759765625,56.697052001953125,84.9590072631836,328.1554260253906,30.253684997558594,145.50942993164062,51.57474899291992,97.00943756103516
2023-08-01,270.0277404785156,81.13304901123047,134.8224334716797,149.1998291015625,137.60133361816406,54.77450180053711,82.49427795410156,320.8619079589844,29.68317222595215,143.6847381591797,52.648460388183594,101.4071273803711
2023-09-01,262.2188415527344,78.58309936523438,128.8264617919922,143.72756958007812,136.3694610595703,51.65642166137695,72.40193176269531,309.10467529296875,27.829023361206055,135.79017639160156,51.780757904052734,107.23493957519531
2023-10-01,218.24481201171875,79.10665893554688,132.8115234375,136.88951110839844,131.72988891601562,52.12702941894531,70.3370590209961,330.9940185546875,25.639284133911133,140.55386352539062,52.90748596191406,96.53695678710938
2023-11-01,242.06301879882812,89.86881256103516,147.24435424804688,143.86463928222656,147.8527374267578,54.355812072753906,77.82241821289062,371.6882629394531,25.908435821533203,143.82345581054688,50.407962799072266,94.55742645263672
2023-12-01,285.4609680175781,87.82716369628906,151.87823486328125,145.7994384765625,161.1337127685547,54.81156539916992,85.87408447265625,368.873046875,24.479944229125977,137.28427124023438,51.23213577270508,92.01724243164062
2024-01-01,291.28399658203125,93.4300537109375,170.55308532714844,147.80865478515625,166.18763732910156,55.33243942260742,74.1147232055664,390.00244140625,23.37244415283203,148.1444854736328,53.701934814453125,94.62184143066406
2024-02-01,323.92266845703125,108.53643798828125,173.391845703125,151.25537109375,177.33926391601562,55.82538986206055,73.5649185180664,406.5066833496094,22.92363739013672,149.84144592285156,57.14016342163086,97.08966064453125
2024-03-01,355.4167175292969,119.02239227294922,178.94883728027344,148.26547241210938,190.9118194580078,57.359493255615234,84.70507049560547,413.4646301269531,23.950716018676758,152.9619903564453,58.86082077026367,107.97649383544922
2024-04-01,325.697265625,108.06952667236328,155.74623107910156,135.5187225341797,183.8190460205078,57.91264343261719,92.176513671875,382.61590576171875,22.112335205078125,154.85107421875,58.05866241455078,109.86219024658203
2024-05-01,329.5425109863281,101.0756607055664,157.90745544433594,138.57943725585938,194.25918579101562,59.000205993652344,96.30779266357422,408.7068786621094,25.109167098999023,156.12252807617188,64.5518798828125,109.80870056152344
2024-06-01,324.2662048339844,96.58168029785156,163.68052673339844,138.0975799560547,193.90444946289062,60.13828659057617,98.27933502197266,440.0345458984375,24.513412475585938,156.48309326171875,66.46603393554688,107.8046875
2024-07-01,338.391357421875,91.55487823486328,181.84197998046875,149.14273071289062,205.13951110839844,63.05780029296875,122.66883850097656,411.8770751953125,27.133853912353516,153.4532928466797,67.37895202636719,111.05419158935547
2024-08-01,348.0680847167969,88.32030487060547,192.96969604492188,157.9003448486328,216.70750427246094,68.47166442871094,130.23391723632812,411.426025390625,25.77449607849121,163.74334716796875,76.02722930908203,111.33468627929688
2024-09-01,382.29815673828125,93.99790954589844,211.06089782714844,154.28269958496094,203.26931762695312,68.36078643798828,132.17739868164062,424.4056701660156,25.71230125427246,165.32791137695312,79.4924087524414,110.65501403808594
2024-10-01,369.03582763671875,94.0076675415039,197.35165405273438,152.18829345703125,215.2421417236328,62.129737854003906,124.21969604492188,400.7837829589844,25.143678665161133,158.5994415283203,80.67372131347656,110.2396469116211
2024-11-01,398.3762512207031,114.79295349121094,218.81504821777344,148.75511169433594,242.2056121826172,61.42198944091797,129.79893493652344,418.49542236328125,23.648481369018555,172.1185302734375,91.05941772460938,112.26856994628906
2024-12-01,355.85174560546875,109.29457092285156,211.5215301513672,138.7843475341797,232.496826171875,59.6774787902832,125.48299407958984,416.5583801269531,23.93720817565918,160.97105407714844,89.13996124267578,102.37987518310547
2025-01-01,365.7022399902344,110.9729995727539,246.0358123779297,146.010498046875,260.5955810546875,60.84687423706055,147.94728088378906,410.19390869140625,24.32377052307129,160.3490447998047,96.84536743164062,101.67558288574219
2025-02-01,338.6369323730469,111.69934844970703,244.51727294921875,159.6288299560547,258.01202392578125,68.25623321533203,151.52947998046875,393.1224060058594,24.24122428894043,167.9322509765625,97.28933715820312,106.90621948242188
2025-03-01,324.7054748535156,96.8780746459961,240.85592651367188,160.4220428466797,239.1473846435547,69.15583038330078,143.46066284179688,371.7328796386719,23.24148941040039,164.62847900390625,86.85209655761719,114.20423126220703
2025-04-01,305.95867919921875,89.27113342285156,234.2305908203125,151.203369140625,239.95338439941406,70.05384063720703,135.6947021484375,391.4093017578125,22.388507843017578,158.024169921875,96.21102905273438,101.4327163696289
2025-05-01,344.3037414550781,110.953369140625,252.5992889404297,151.42645263671875,258.9636535644531,69.61931610107422,145.6259307861328,456.7119445800781,21.95570945739746,165.1394805908203,97.9014663696289,99.13980865478516
2025-06-01,384.05352783203125,122.23994445800781,287.42852783203125,149.0264129638672,284.3793640136719,68.80148315429688,149.4445037841797,493.4683837890625,22.656721115112305,154.86505126953125,96.96925354003906,104.46990203857422
2025-07-01,434.9176330566406,117.40988159179688,246.83670043945312,160.72415161132812,291.9885559082031,66.02025604248047,146.47996520996094,529.2723999023438,22.144397735595703,147.2627410888672,97.1676025390625,108.19126892089844
2025-08-01,416.07208251953125,116.69029998779297,239.0228271484375,174.119873046875,297.09423828125,67.08995819091797,153.37953186035156,503.501220703125,23.542091369628906,153.69268798828125,96.40052795410156,111.79006958007812
2025-09-01,473.7704772949219,112.86568450927734,276.9833679199219,182.22784423828125,310.9031677246094,64.98810577392578,153.03436279296875,514.6903686523438,24.226675033569336,150.37496948242188,102.44419860839844,110.28376007080078
2025-10-01,574.8181762695312,111.01252746582031,301.7701110839844,185.61843872070312,308.1459045410156,67.51628875732422,164.19784545898438,514.5512084960938,23.437501907348633,148.19398498535156,100.57542419433594,111.8585433959961
2025-11-01,573.3245239257812,102.97885131835938,304.5888366699219,204.64886474609375,310.087158203125,71.65154266357422,170.40017700195312,489.82867431640625,24.90483283996582,146.01597595214844,109.84968566894531,114.37613677978516
2025-12-01,570.44677734375,112.90486907958984,292.3788146972656,204.67852783203125,319.1398010253906,68.9871826171875,158.5647735595703,481.4758605957031,24.09208869934082,141.2361602783203,110.97004699707031,118.73727416992188
2026-01-01,656.1109008789062,111.94225311279297,302.733154296875,224.75570678710938,304.33251953125,73.82250213623047,151.6913299560547,428.3822937011719,26.010648727416992,150.63571166992188,118.66951751708984,139.51678466796875
2026-02-01,741.4185180664062,105.23365020751953,238.45498657226562,247.00942993164062,298.7709655761719,80.48339080810547,164.46942138671875,391.8912048339844,27.201000213623047,165.95037841796875,127.4447250366211,151.47189331054688
2026-03-01,707.1138305664062,95.64710998535156,240.61904907226562,243.04225158691406,292.6622314453125,75.56214904785156,144.48277282714844,369.3699951171875,27.6240177154541,143.36048889160156,124.04327392578125,168.51620483398438
2026-04-01,890.1099853515625,102.96106719970703,229.2924041748047,228.5356903076172,313.2300109863281,78.25476837158203,145.76614379882812,406.8987121582031,26.266427993774414,147.08999633789062,131.67869567871094,153.28955078125
2026-05-01,875.8699951171875,101.05567169189453,297.79998779296875,225.3300018310547,299.30999755859375,78.50315856933594,153.1300048828125,450.239990234375,26.18000030517578,143.55999755859375,115.75,145.25999450683594
2026-06-01,1064.9000244140625,96.25,281.2099914550781,253.97000122070312,327.3299865722656,81.2699966430664,161.91000366210938,373.0199890136719,24.079999923706055,146.63999938964844,113.26000213623047,136.72000122070312
2026-07-01,963.530029296875,99.5,289.5199890136719,263.0400085449219,334.4700012207031,84.13999938964844,160.44000244140625,390.489990234375,24.31999969482422,151.41000366210938,111.83999633789062,137.08999633789062
