,equal_weight,cap_weighted,min_variance,mean_variance,risk_parity,momentum
2000-03-01,0.058065465583006716,0.12794075880245603,0.010040663700089013,0.15936129049450143,0.04920583355052327,0.03067586620662057
2000-04-01,-0.013265886928992119,-0.1410734100628488,0.022857475629771976,-0.07641831982437405,-0.005617635153005797,-0.10280794084038232
2000-05-01,0.02816920883037346,-0.0009741123236839313,0.0440323528008358,-0.010602844513308276,0.032982973934917816,-0.009703149777852298
2000-06-01,0.007631075223002385,0.09698171496189865,-0.03154855771731209,0.0947640235010502,-0.0022094029341308947,-0.011687442461917169
2000-07-01,-0.0037184681953152327,-0.0658519159789783,0.0027025478577997622,-0.05661322753701293,-0.0013560650048927334,0.00842580467088143
2000-08-01,0.020388257780890914,-0.01856251954136223,0.02149625244603552,0.009007619371604455,0.020480992140804434,-0.013012139321074348
2000-09-01,-0.0292814385529567,-0.04333341854613169,0.023258973575402433,-0.05238628265781654,-0.014714627763258084,0.02126661234557003
2000-10-01,0.016775185598688874,0.02651230443985519,0.00010911752550425457,-0.026579181760276877,0.014125759648080282,-0.049018775499061536
2000-11-01,-0.00745789387725365,-0.03541294207751425,0.014640380254281339,0.006190336154398769,-0.0008177606068546093,0.017541245858792482
2000-12-01,0.035890395477571585,-0.048891851531216064,0.041597916261753604,-0.052671047615511245,0.036600992253822136,0.019924971177658825
2001-01-01,0.05283542041594516,0.11334836771631218,-0.0059978605092659894,0.1565784077793581,0.030693533171692097,-0.04046623961360505
2001-02-01,-0.04310553636498244,-0.05156150126555065,-0.024205036832256926,-0.06440310905129822,-0.03685293993382805,-0.01760392107672323
2001-03-01,-0.05627480431433281,-0.058722811423198656,-0.05247307289746252,-0.040815464747147534,-0.0553728202986556,-0.03883807344778053
2001-04-01,0.09353156626858364,0.11176558407868585,0.08359614980348301,0.11004733751262936,0.08972976628163597,0.09326518702741313
2001-05-01,0.020637380728582948,0.01085581553420664,0.012113809742441545,-0.003277024025794761,0.01946904597586507,0.026218700026774133
2001-06-01,-0.03211075839195916,-0.013064506257088073,-0.03309926358949649,-0.022555421785684288,-0.03137972445122178,-0.02509913521010196
2001-07-01,0.011624464702166135,-0.0038583398969115773,0.012736777556466636,0.008508928140829338,0.013170062950750893,-0.00660377489580715
2001-08-01,-0.04979624207732994,-0.09190894094238843,-0.04868875798046097,-0.08741618947687299,-0.04580567965757355,-0.03636801392012182
2001-09-01,-0.0566332884332702,-0.03202053452560105,-0.036277635133245764,-0.01567220902594522,-0.049489269213763135,-0.018995440984949662
2001-10-01,0.04966933090282298,0.06805132684977268,0.03468242284667602,0.07605689236240777,0.04378465099384849,0.02841833592301848
2001-11-01,0.05107389759772622,0.05905167089424713,0.04009309950920811,0.039337690402919026,0.044374344991410256,0.041515257583675
2001-12-01,0.021194855370031625,0.008782783330769435,0.01988459835699638,0.01043041495803088,0.022433877201766653,0.043329264246711276
2002-01-01,-0.021362403601410562,-0.005698814443224386,-0.00306812099704064,-0.007590020903693404,-0.01695612189366932,-0.03728388482966204
2002-02-01,0.018091872170730723,-0.016744126951254476,0.03597000809637144,-0.013110777946434041,0.027948392378414896,0.010588585493770146
2002-03-01,0.04774409933297778,0.026239039880604942,0.024020472939656572,0.019242645999075034,0.04259002647532179,0.025146127094093466
2002-04-01,-0.039585482386188975,-0.08309089278684705,-0.03979804490360351,-0.10468771909766622,-0.03782746169040585,-0.02054923218091078
2002-05-01,-0.017627359018204825,-0.024793053069275057,-0.015368874002837263,-0.0361035315042248,-0.017297799359844844,-0.01943115521373443
2002-06-01,-0.03517077422469478,0.011861117846855559,-0.017776401266669788,-0.03837974740802475,-0.03265695944179861,-0.032718753016214165
2002-07-01,-0.0752425357424824,-0.09887596498351504,-0.047413500375456205,-0.04286802741662921,-0.06500001806831264,-0.043745092308073
2002-08-01,0.0125558399344868,0.03362358316022917,-0.0004906445441096893,0.03198875404894758,0.007848484484662159,0.01920580875303055
2002-09-01,-0.10584676879212859,-0.09898928485089088,-0.09009126344598506,-0.09000632796393905,-0.09515742631215235,-0.058489974476493886
2002-10-01,0.11166870403604631,0.12073684801108031,0.09479140243628606,0.11752759335795239,0.1016107307360448,0.057769068543854996
2002-11-01,0.0658745877645214,0.036070066047288886,0.022733763301596425,-0.0002434858600354819,0.04911834878127283,0.028469689997865633
2002-12-01,-0.06069295009273219,-0.06357380205663882,-0.030820186852597516,-0.054903410370407045,-0.051680275587176125,-0.046088565084265065
2003-01-01,-0.015923119000923393,-0.04220538993630077,-0.004663061321253883,-0.019126102779670594,-0.01347933575065344,-0.025480018337731315
2003-02-01,-0.0040414989997958235,-0.005313843834607202,-0.012489375406861224,-0.0037859353786616904,-0.006905369574187561,0.002596520025977601
2003-03-01,0.04291829321118169,0.047637088505622725,0.04820350766105803,0.06578285093055873,0.046223814927029906,0.05247742203090376
2003-04-01,0.049838999498821875,0.044868108360619136,0.011307919993720505,0.02121291319272034,0.033264464138149576,0.006375976691207633
2003-05-01,0.023461321451647678,-0.010066072752526013,0.017387937960347523,-0.014625528358328253,0.022029094554471617,-0.005794583897444749
2003-06-01,0.013862621709348258,0.030529900680926234,0.017246002098677084,-0.012633704499455518,0.010484399344128427,0.009524318766853583
2003-07-01,0.03645624344717728,0.016333881753969482,0.015639155122829033,0.028804834474095188,0.028059517431731334,0.05890889591656782
2003-08-01,-0.0031868250150716227,-0.0030430978564276383,-0.004126394799729951,0.011750313247544735,-0.00359722138122592,-3.430864630114681e-05
2003-09-01,0.002053764907495241,0.004417898254010012,0.006878364692755351,-0.005580153212032374,0.0030322066771130136,-0.010824361074058
2003-10-01,0.05046130065989127,0.01606863570625343,0.05213335539048217,0.06793576583771942,0.051428733586162324,0.07665662624841456
2003-11-01,0.0021244517584874415,-0.008390967734105912,0.011478728996718611,-0.013439950375458346,0.002927337859536842,0.0077393491994791315
2003-12-01,0.052537059644517735,0.03914307269369603,0.06683308514917514,0.032739725594317766,0.05578644516626991,0.04757706877201596
2004-01-01,0.010126171383388272,0.01764201378850521,0.004549542017182803,-0.008289266017570721,0.008183035179903101,0.004222728715558265
2004-02-01,0.02065922051327302,0.019100997027471756,0.02813042144035825,0.0050403953177247975,0.02235835002651178,0.022158757414740365
2004-03-01,-0.010662618887008583,-0.025504410857617406,-0.008793728791739756,0.017763862748050172,-0.009729460156358895,0.0033974307265587983
2004-04-01,-0.003365972297508039,0.004146004384408722,0.013712126210475706,0.012051692936105066,0.0035122925275063396,-0.01606415851367825
2004-05-01,0.0023366150950073997,-0.0003893605111841796,0.007573205605906432,-0.00435681327089756,0.005886990760187162,-0.0020383924573895333
2004-06-01,0.02311772736593335,0.01366712445422971,0.020081825281236393,0.01613668389710235,0.019199093492366866,0.04530825866407935
2004-07-01,-0.04037387877089406,-0.020128726224372458,-0.027651679821583532,-0.030254327807741253,-0.03862551420190232,-0.045659722825443984
2004-08-01,0.0113938301000198,0.0015640477517116197,0.018839843972769606,0.020542908886641884,0.016321697901334798,0.0168840320902891
2004-09-01,-0.0046983623996144745,-0.007087570525800816,-0.008162994836618335,0.004304144453588595,-0.008869566458420141,0.010871544234555816
2004-10-01,0.009381910311195842,0.0010503670070095414,-0.011438788062763598,-0.008719567032189372,0.004321657752462062,-0.016692057018751216
2004-11-01,0.03018453971350487,0.017879630134910136,0.02851084442239083,0.05585304825425502,0.028905548683939197,0.04526641736247656
2004-12-01,0.028725368672265647,0.009628548112730019,0.01169410221848035,0.033888266320672024,0.02641231656213289,0.03182023077400508
2005-01-01,-0.020290004071510534,-0.023243874641363613,-0.01801089055817549,-0.011104299421441704,-0.01778688090940472,-0.01204649629408115
2005-02-01,0.028038662179995906,0.019463086312250955,0.06706461970214,0.07942585645349691,0.03710719226351626,0.044899826370870644
2005-03-01,-0.014835524547517732,-0.025604086638929536,-0.017026402512267797,-0.011611771047103809,-0.012958851117322567,-0.004395152389685201
2005-04-01,-0.023286023746908944,0.0006492280289167989,-0.011284575512030237,-0.04037423685720876,-0.014715552521389414,-0.03279108110686912
2005-05-01,0.01633882848308478,0.013995973265410949,0.008547611530671953,0.017743012168953784,0.014409001404334322,0.018671832313995815
2005-06-01,-0.02459568673651128,-0.0164222195725695,-0.024013800751362082,-0.019884864982426673,-0.025802424722034655,-0.026672685819205396
2005-07-01,0.03764003787485851,0.01954317536467546,0.02586184005116138,0.05419594489091957,0.0328957920660765,0.042020355362542616
2005-08-01,-0.010256902201684077,0.0005827848665691057,-0.007105551223779299,0.001126260587760916,-0.010105609484465565,0.017020451378706433
2005-09-01,0.004743861198222607,-0.01636950374663197,0.018519407220180552,0.05327656740996496,0.011638740551227824,0.022380367264220716
2005-10-01,-0.015427579599852068,-0.016775336041698227,-0.03723974426576027,-0.0659115837057891,-0.025589807805609696,-0.045579677307086265
2005-11-01,0.03660134247221812,0.03965000923814563,0.019817978461858492,0.04550391554071769,0.02796203489207021,0.029464207860315648
2005-12-01,-0.014142712743981933,-0.02045920406446803,-0.017722718670960896,-0.00817367354390082,-0.012044770658364725,-0.026484474573605817
2006-01-01,0.038835095323698124,0.048515007693969686,0.029713682978929533,0.060603939803658,0.03450434756839461,0.072915920702722
2006-02-01,0.015043801171330359,-0.011732612296772768,-0.00034171698031283264,0.008103556602524898,0.011189686080208408,0.007709946599139431
2006-03-01,0.006320606306266491,0.00901805886485652,0.0062342687277696,-0.0008648514651150232,0.003429191660226891,-0.009224059743415286
2006-04-01,0.01563574577250265,-0.028723545631503932,0.007886992053774874,0.04412187961602267,0.01275819181496655,0.012996309411598192
2006-05-01,-0.00818173484975684,-0.017310237926366125,0.0006335916476190374,-0.029361890892544044,-0.00836515029495558,-0.03431859980540539
2006-06-01,-0.0047833963951579,0.004485442216679823,0.0016126947056389635,0.005542024832202791,-0.0020403038215763554,-0.006169853497084649
2006-07-01,0.015197956819968363,0.028853122613810032,0.019087362492480612,-0.004476161878365504,0.017696998833966575,0.0038071541263699138
2006-08-01,0.0261487729724589,0.03970920372749836,0.04355943476866279,0.017730858114102573,0.035453097394069835,0.010809350877413963
2006-09-01,0.025827819295216065,0.04214302342494795,0.024204855824590442,0.0008297649371658641,0.023522344934696956,0.009765966274385316
2006-10-01,0.02604415727719852,0.02300259145359039,0.026763700528755787,0.01657406788980308,0.025259184890669698,-0.0011863293962760303
2006-11-01,0.01259526415567665,0.010077054395939956,-0.001823121459328726,0.030669746864841228,0.009207365567562674,0.008018408148070949
2006-12-01,0.009172926093096008,0.0052793601802111146,0.00357505225873284,0.00566730955054672,0.00666506891430438,0.006675861434334301
2007-01-01,0.014728888322924098,0.01938800645237532,0.006835095540456118,0.008063142436959679,0.01097373015899409,0.012300626052926717
2007-02-01,-0.02866404875902026,-0.04156657797255985,-0.022632150520108887,-0.017908378834147826,-0.026756949431892545,-0.042634506790323996
2007-03-01,0.007462005790654557,-0.0007852737810120418,-0.0029622131602884253,0.020255336833046107,0.004410768554437879,0.007299413915252048
2007-04-01,0.060725112931812014,0.05705851254175102,0.04653360261823034,0.061046875239754626,0.05548467118887958,0.06499074096724058
2007-05-01,0.02734380467316748,0.023416035064701815,0.008658167559646318,0.03556771033058803,0.020397761422299526,0.018062834154820382
2007-06-01,-0.023168854700386647,-0.026813916404867355,-0.016004684637462598,-0.020488008944898523,-0.022254798921370545,-0.023302847413020498
2007-07-01,-0.013644342843233815,-0.02431079222977149,-0.011669729230984539,-0.00010961400700655865,-0.011954133203215582,-0.02000481120306205
2007-08-01,0.018641085842679622,0.008533050159518446,0.019000195057021923,0.011090913272155441,0.021241977797115688,0.020785111606552848
2007-09-01,0.035858724264977125,0.031490825567108686,0.05265807985660273,0.04751661787094725,0.04228626526736601,0.04012476371806593
2007-10-01,0.020972821955620842,0.08242438053414422,0.01207233670910952,-0.009091887326995748,0.018744064546557512,-0.010198750191109421
2007-11-01,-0.015224408943271907,-0.026052915688828563,0.02926964935987937,-0.03341357838967868,-0.0004858505982194929,-0.018351936247827598
2007-12-01,0.0016289914003166667,0.01725738733855376,0.0016493245319046841,0.0006593313132048203,0.0010146279487955614,0.019632093217541547
2008-01-01,-0.027630391889638003,-0.0348467252524634,-0.03045543276819954,-0.02780068333784788,-0.02670883413381514,-0.05648652906677042
2008-02-01,-0.01563977875097748,-0.06259410526318387,-0.015028092735069339,-0.008660815708559184,-0.01571897345999242,-0.009051701934713816
2008-03-01,0.025325336036224163,0.026093454793018278,0.029545137004872015,0.02920512097845764,0.027986307694730907,0.03142800856308251
2008-04-01,0.029410224809542217,0.03659480104168012,0.036411166417751877,0.07312997854564218,0.03280582944562396,0.0165675389854182
2008-05-01,-0.005680386465136391,-0.014107355561993334,-0.0035784064826032036,-0.025599746843834023,-0.005541943704667061,0.00012431676812466115
2008-06-01,-0.0773949107303282,-0.051983097664000825,-0.056217125168317776,-0.09713934949495039,-0.07081258610810193,-0.057982979791010435
2008-07-01,0.02555304415649995,0.0011595678321834433,0.03801384054224569,-0.007579970294592742,0.03140794447396075,0.006293974186891701
2008-08-01,0.019924742612263048,0.027102124653889424,0.028038985512879245,0.030851329954093565,0.021775665759683777,0.01289299509360018
2008-09-01,-0.012311352794626518,-0.003949039637733564,-0.019583323748971655,-0.0558465872328728,-0.013298746689783914,-0.008228232982954949
2008-10-01,-0.12900677579729358,-0.10849723598452236,-0.09510185786351631,-0.15107457190837653,-0.11769298190393761,-0.12989444035785766
2008-11-01,-0.031742526407888084,-0.03462052347676645,-0.010709586356399752,-0.022479201527411535,-0.025689783125506346,-0.0528004172131834
2008-12-01,-0.0008179680113134923,-0.003323804712230471,-0.008606923846070246,-0.005381869586753342,-0.003815873743559724,0.001976172070240767
2009-01-01,-0.1042178080973216,-0.11298272409882656,-0.10337586565980487,-0.09541424141057979,-0.10420940379202501,-0.05443406439880387
2009-02-01,-0.0972537936480593,-0.06119807088307388,-0.08248363774833471,-0.08602853573680788,-0.08744593406476027,-0.07231765362024677
2009-03-01,0.0797076332874792,0.07643838512679331,0.05565424909441244,0.023127552060446584,0.07093943119408572,0.03927589086218248
2009-04-01,0.08553635039283414,0.03515693093723951,0.009559925889883445,0.012315790061388244,0.05890248097574795,0.007589113358380115
2009-05-01,0.06143836334544968,0.0508297083942037,0.041021857336141165,0.03811053468074605,0.05656628799152465,0.07122365064407127
2009-06-01,-0.0033476060114497747,0.024998346686195203,0.0008680956654027862,-0.005355384254871903,-0.001161453132553852,0.0008333202503864512
2009-07-01,0.09651321290010118,0.03785259100135315,0.062460776559897915,0.07576694262342977,0.07766485852315923,0.07740482739578453
2009-08-01,0.02546756440827504,0.03063701299762862,0.006444928321331947,0.008730795329388016,0.01925534242075324,0.03284552348608388
2009-09-01,0.03433637636830398,0.0166725326452849,0.002674887117455284,0.03320189452890216,0.023118788062265992,0.03416907088555669
2009-10-01,0.014340334451995842,0.029604767053166104,0.008180488338170278,0.01118038748887955,0.012841924777776315,0.009750816572348948
2009-11-01,0.06798131950652461,0.06959447735059275,0.07364560494723996,0.056865070331151304,0.07133332489803657,0.058667069591759546
2009-12-01,0.005355365184585058,-0.0013964361492612954,-0.015471935899899434,-0.02072119915724491,-3.390041844367205e-05,0.0316560632632953
2010-01-01,-0.039297480570590224,-0.03920325927821524,-0.021768248300209715,-0.048797332659099524,-0.03319522034962266,-0.06915380427888909
2010-02-01,0.02348021340401834,0.014139709188442243,0.014076882514530424,0.017973400779673226,0.017072484523299722,0.04902656472028541
2010-03-01,0.04054657567722193,0.027032320049894847,0.02522673509109282,0.028458068676329745,0.03441489453870362,0.05970803499988252
2010-04-01,0.008920115054212542,0.0026529075355449937,-0.008652126889986542,-0.014131158772996985,0.0015817937326988334,0.029269909853676685
2010-05-01,-0.07667915090901473,-0.09340123450334598,-0.07013119537623261,-0.05063253494582317,-0.07283627766918374,-0.09008076324473814
2010-06-01,-0.03841884984899763,-0.06100581901674193,-0.030919155414128083,-0.03553340650958153,-0.03770821286521609,-0.053451628404750214
2010-07-01,0.0714941392860102,0.07531774338140051,0.039476497306317755,0.0659399320244864,0.0620100004734271,0.08475157246591326
2010-08-01,-0.029970243364411356,-0.03335182425011805,-0.013167016886370021,-0.02070827601070484,-0.022571724612959247,-0.0558104532545071
2010-09-01,0.07058350377045473,0.05770708113572545,0.05909955123047784,0.06605517703693653,0.06517435445011675,0.07170783648643722
2010-10-01,0.03869585307865344,0.04843024667901164,0.04626847519935628,0.046747985993039205,0.040107731501779965,0.04214313984187671
2010-11-01,-0.0004044117260412752,-0.013607260829802464,-0.0015898326189077603,0.010181684606149228,-0.002157659490998853,0.01909054923376822
2010-12-01,0.05644396509250993,0.059837733787061136,0.03271646267447414,0.038549210482259566,0.04677050200117499,0.050725268721130805
2011-01-01,0.02899163197333078,0.025299733949171777,0.04641719902480752,0.04537773526141485,0.030581818425761263,0.0200805385609352
2011-02-01,0.030069298231783698,0.0006370918411367442,0.004844949285370953,0.03040888369860695,0.0217400155624973,0.044831200714652866
2011-03-01,0.0054175389653572424,-0.00677346484965448,-0.010705647184840104,0.010440202030140362,0.00240738774961695,0.014945713896746732
2011-04-01,0.03881096486120608,0.03805233213993813,0.06148456915222946,0.03242334495246227,0.044128144232335624,0.031398181174689115
2011-05-01,-0.014479865151374508,-0.011492389075020787,0.0016138218312946675,-0.023830091109227215,-0.007480353535641761,-0.024390675468251716
2011-06-01,-0.01663237504897245,-0.01059297384400676,-0.02463871206827096,-0.008085711235088696,-0.01822757480703839,-0.015109521286637697
2011-07-01,-0.015454048184418147,0.0005571777947468363,-0.007175376645148369,0.005596974679843371,-0.013442670829607156,-0.0155358826406681
2011-08-01,-0.02833278832597365,-0.017195080953111785,-0.010120070306600037,-0.022616609049950248,-0.019696831675164936,-0.04680279303378475
2011-09-01,-0.07241677678343232,-0.05231826096616266,-0.015678880073475263,-0.034046542868442234,-0.054453448963263984,-0.06793504458389708
2011-10-01,0.09451687940058859,0.07515931909950253,0.05797700315668707,0.0744070219291119,0.07804209378931332,0.0879880541597824
2011-11-01,0.009988659064924351,0.006636653654648736,0.0259587662725599,0.020589251898058953,0.015549320431936776,0.02080560487144643
2011-12-01,0.0253621847924476,0.029734360385876384,0.024470443270250913,0.00783441492768711,0.02754228363440696,0.01588923154901656
2012-01-01,0.04576892767078011,0.04615526147115572,-7.773016369318443e-05,0.0349238160455917,0.026881006747859235,0.037666295018565416
2012-02-01,0.03374086796964465,0.03158317032014934,0.0209061865489738,0.016644128334896018,0.027326600244654026,0.0090245288483951
2012-03-01,0.036203799456545865,0.034557860464038935,0.02555176117186962,0.03339588693257759,0.03529503240107707,0.03128275183529772
2012-04-01,-0.014720717332091892,-0.013692790677426849,-0.020125456363956656,-0.008063061931651265,-0.013517526948735975,-0.007042894158554132
2012-05-01,-0.048252098236091286,-0.03666701158640436,-0.006805695297289531,-0.018083435500937196,-0.030518767125534238,-0.018519897200573853
2012-06-01,0.04578159378198723,0.05326521488947178,0.04777442157989464,0.04246685595220615,0.0485096928234624,0.05139872758234888
2012-07-01,0.02161736064234842,0.017930005036189592,0.036242667070946526,0.03174218771167851,0.027317477140911494,0.020630268604223213
2012-08-01,0.005688082780227475,0.009022852126850186,-0.0010318515919136642,-0.023971303990806745,0.0012332747030312859,-0.005659609870351265
2012-09-01,0.030354047083761625,0.01614676818668487,0.035812373278122735,0.03731811628162686,0.030086259297771496,0.033895481174803815
2012-10-01,-0.01319000824626169,-0.009592928223572366,-0.006212762647637091,-0.0283805330523729,-0.011299729134017868,-0.02524075065097835
2012-11-01,-0.0045691251953419824,-0.02430875641718372,-0.015741949980439297,-0.005222103224505563,-0.006714740148408125,-0.002062815006464633
2012-12-01,0.004018308864166243,-0.009807497210215801,-0.02218267460880719,-0.017518254154668206,-0.006405192675643915,0.004943517812962568
2013-01-01,0.0656762816546535,0.0496688894289041,0.05613271868123158,0.04921181253104974,0.06107221943868843,0.06503650703073163
2013-02-01,0.012894427221719832,0.014746812160066772,0.012063829494632168,0.012351875647764415,0.015221609376463585,0.02427468696485558
2013-03-01,0.027091523977424276,0.03622023521612336,0.04184612803523394,0.05472348602541759,0.03560181476640055,0.0269803004895473
2013-04-01,0.02882056046272655,0.052219557719939066,0.008802499909134242,0.029302293511162623,0.0256282807889223,0.036780598981113265
2013-05-01,0.01336326394118585,0.010087479877613876,-0.0026592018806287274,-0.015664182252478183,0.005872185617600228,-0.004978419117251399
2013-06-01,-0.009571767464101724,-0.004455961875223239,-0.010555571255982296,-0.01257180154560532,-0.007554992026488907,0.006614630890226233
2013-07-01,0.03254812825671364,0.01153096189496369,0.04481079533522804,0.026440305293765946,0.03514389685594114,0.058648032717759396
2013-08-01,-0.040975452921578046,-0.027298016043072467,-0.05450799517468238,-0.048767253549480666,-0.044229946438966945,-0.05226710741010912
2013-09-01,0.012443787531189333,0.004934833707209265,-0.0027734877718709,0.02744447544479253,0.008454221594510938,0.021099603878224897
2013-10-01,0.041442396885451385,0.049139754911773276,0.03877460571354548,0.038390538175574404,0.04327620376617375,0.055846372033150175
2013-11-01,0.046263333478182185,0.05734065823998287,0.038893996478572966,0.0359627943543877,0.044231599166591244,0.05997504971481931
2013-12-01,0.021198712691227698,-0.0008745379200955631,0.00966392325975509,0.04596272366908971,0.015470645002990682,0.013827571113085097
2014-01-01,-0.042207245186960035,-0.033260010202073795,-0.057657156934818043,-0.04034988873956636,-0.04847970151944637,-0.03547263624855937
2014-02-01,0.04219719099713869,0.031211134899418142,0.0284477800283755,0.05852479203829526,0.038957906468185706,0.05517487376520647
2014-03-01,0.02968439084059364,0.03842057007034524,0.03435769096207712,0.019191106804324363,0.030319948475902754,0.03380014925856907
2014-04-01,0.016757280038532964,0.009476388692538222,0.03246984401952973,0.011046030377681685,0.021781343257748928,-0.01088796509111155
2014-05-01,-0.006639499878530009,-0.007359004192813036,-0.01996994741807151,0.004648820479563134,-0.009705198857333246,0.013466569524318184
2014-06-01,0.01294176809574973,0.007865746654352874,-0.004158724703831448,0.028206585128188386,0.008226842547628024,0.023104873296248583
2014-07-01,-0.01393625700967275,-0.004051277356323585,-0.01192192847205854,-0.022072076614513745,-0.01455270685144007,-0.017893754370944266
2014-08-01,0.04215373097873726,0.041943229169878304,0.04678327945099185,0.047933212642302866,0.042155587282826104,0.04535515178144489
2014-09-01,-0.005582687250188638,0.0055198658810659655,0.00991734141888836,-0.014102508623534472,-0.0007424263709169637,-0.020661518096646212
2014-10-01,0.009551655990823457,0.008507188893999571,-0.021830406820431043,0.019500770516395136,0.004841794028579744,0.029533471959899568
2014-11-01,0.027371011424217693,0.03909266156210378,0.04248888921421323,0.022705480466828874,0.03366291566008958,0.013569732643755418
2014-12-01,-0.009068819740172549,-0.012734569702335347,-0.018186010528576758,0.005238272708775358,-0.010588173709434876,-0.009141793185696283
2015-01-01,-0.055235883332025136,-0.06510924242066227,-0.04601973304981551,-0.021857807949295104,-0.049215370146848576,-0.060700095804828144
2015-02-01,0.059892933576323484,0.057619166486193696,0.03878301880108126,0.08091187824854401,0.052548436306549526,0.05156503260530988
2015-03-01,-0.024508459292938756,-0.033555165430352286,-0.028546653761734958,-0.004581900105312337,-0.025004563359813096,-0.023521773436056995
2015-04-01,0.02587147450386371,0.050136953897321555,0.002976098221870581,-0.011723777072825157,0.016761838672447463,0.019191383677553128
2015-05-01,0.0011944501427982829,-0.011138467122870685,-0.0040693422716967425,0.0219367145070423,-0.0007487752179696024,0.009120761840357398
2015-06-01,-0.019770735988018498,-0.03451499217722934,-0.028194137047262136,-0.017561977323263853,-0.02329824236831656,-0.015844011289765533
2015-07-01,0.012623738289300475,0.03097522930599648,0.012985911987037538,0.040538044303414934,0.014668113658575087,0.03943584315125828
2015-08-01,-0.07091147890375593,-0.07305757621345875,-0.06994866869066647,-0.0917772193241163,-0.07196084764543838,-0.08516177709316734
2015-09-01,-0.015899913625078855,-0.001790807649724905,0.004075577049830046,-0.0036992201144584952,-0.008542046873323876,-0.004707096204406934
2015-10-01,0.07079358176682879,0.08375132324505534,0.04377231523964688,0.11864246949209242,0.06213896798015184,0.10081191387831867
2015-11-01,0.006755680932804483,0.01725974946978836,0.00755707379146401,0.005060736890461601,0.006422584095225332,0.01138263890001995
2015-12-01,-0.008212751715263726,0.007976229059008003,0.01438699813119399,-0.025167915596326633,-0.000698804162804249,-0.016978663033691766
2016-01-01,-0.02268669956029594,-0.006232499879408879,0.0001401004520432761,-0.035884130949878267,-0.012337894381146216,-0.04033273404081677
2016-02-01,0.007669706209831231,-0.024645336042562575,0.01270370296004302,-0.01900177611524639,0.008257198422235896,-0.020874413674111466
2016-03-01,0.06209887235190299,0.05723543111990536,0.07321353934803623,0.03878546865221951,0.061678106807682494,0.04807000568117331
2016-04-01,0.010973980923485699,-0.01911804794899653,-0.020175912914811692,0.0012042448803912117,0.0041213807165026775,-0.006081263627410452
2016-05-01,0.02036589671425279,0.04570354475803437,0.034344777302687875,0.013944688415306007,0.025284528698120073,0.019437514454045717
2016-06-01,0.018441237303067605,0.005445696352806244,0.03528665389554743,0.015029722882483958,0.023155259813641655,0.03404198418623131
2016-07-01,0.026808476276756518,0.04180818224511468,0.015083746707219547,0.03857063912426583,0.02209265402855633,0.01479431172017115
2016-08-01,-0.0034488354558844664,-0.0018392801387884946,-0.009236110541993046,-0.013109689793509615,-0.005780507680673144,-0.0009805380882262162
2016-09-01,0.0019055266366646987,-0.0015285504832880156,0.002944926050136583,-0.01288841650317921,0.0010861274802939707,0.01454650809775348
2016-10-01,-0.01998403505350277,-0.002849393647836364,-0.0245427190277852,-0.013863569874739872,-0.022364110729139616,-0.0182902449850968
2016-11-01,0.03812517207649836,0.020849515281825985,0.003946313349715955,0.04560661046618915,0.026636636310695717,0.0292184048192565
2016-12-01,0.02631545087836874,0.025634586827096476,0.013759367890150235,0.04420786554783669,0.02323822849137135,0.011021277009116532
2017-01-01,0.005531283007783217,0.00523399502397762,-0.007086819795809034,0.016640447687257313,0.002639681128205042,0.022117319432466347
2017-02-01,0.03714641325301404,0.027736612324508404,0.034179296437791475,0.03356228230046713,0.03913957074543894,0.03860881111100835
2017-03-01,0.0036999299289320322,0.01455428005486512,0.0063343262025600516,0.013851552949403774,0.005614920609751648,-0.0030880227249538016
2017-04-01,0.010687406542358571,0.018978181033766566,0.014628437667223047,0.014291545376872434,0.011311735368084587,0.013582153681402129
2017-05-01,0.0062101463690004575,0.014617484471016975,0.01706300760370585,0.013194462217389735,0.011065985543341084,-0.0034586704751139825
2017-06-01,0.011585980207585707,0.0010083268769030972,-0.00868157567120361,0.009934503341714616,0.006510954407315125,0.0176216196559775
2017-07-01,0.016076999475345122,0.03146670664556981,0.024135971334605422,0.010213625956327957,0.01745385580935809,0.026354088068786186
2017-08-01,-0.0010343793613525921,0.010011318651837789,-0.004236035041108999,0.011563647880880597,-0.00111758655075968,-1.677946650208251e-05
2017-09-01,0.017981954387400273,0.010931435006991445,0.023864069180973,0.013373690943370264,0.016652188695918804,0.01829269203212465
2017-10-01,0.04904918763055973,0.0738415336328642,0.043176612877912905,0.08621111587235596,0.05025559177024473,0.09282623910604866
2017-11-01,0.03792851363160409,0.03584080952937306,0.03990495086372922,0.03074500249845317,0.03984912913887438,0.045998908200465934
2017-12-01,0.01704215671497114,0.014569041083375865,0.012644332668799467,0.00256817693692101,0.015324153406164739,0.024609906183068114
2018-01-01,0.041410719718735695,0.07035881820662927,0.034842245293420636,0.06282722437725423,0.03961578864816753,0.06143272242819405
2018-02-01,-0.060830902122700856,-0.04977088714957993,-0.0869488401998644,-0.02953916995981638,-0.06638396475799585,-0.053998964542881486
2018-03-01,-0.02201378232634899,-0.02148944187850244,-0.006312315067544609,-0.03904453022554466,-0.018966004263834157,-0.034717068372268046
2018-04-01,-0.016390873561110235,0.008864772386138363,-0.019833605523435924,-0.026915419920663177,-0.01790739490542926,-0.014393950749568818
2018-05-01,0.0034057947248802723,0.01844099979315842,0.002205400800696817,0.017166648064844248,0.0012443389608875915,0.00816779012992603
2018-06-01,0.0066890030357804,0.0070521113581767615,0.023529113709491675,-0.025298427006810852,0.010778972364395756,-0.0124488143308112
2018-07-01,0.06572930372432098,0.06907486430362766,0.054923660520301835,0.08261084149537554,0.0645055924463189,0.06299948584144183
2018-08-01,0.013412734897762294,0.04367889717918725,0.014761015593321521,0.008654460817632326,0.01511466259797245,0.02471188460075085
2018-09-01,0.02936436285540267,0.01985169140286828,0.03450525695806144,0.019976615240747547,0.028617360193004777,0.02338153912097795
2018-10-01,-0.04479044818993136,-0.03381261944114405,-0.024219337053944297,-0.06450222356803526,-0.037034461924485645,-0.044442678407241955
2018-11-01,0.051955693760782864,0.03686378956044089,0.05188318990115505,0.06243420346453422,0.05073600166661285,0.04038240838251025
2018-12-01,-0.07749586491715287,-0.07908554294277345,-0.07508645740782424,-0.09360335230185399,-0.07553353670221927,-0.06791558716639699
2019-01-01,0.04936761208557715,0.030908955252526748,0.051990430321013754,0.03828507176406302,0.04706895465227253,0.028055123522804332
2019-02-01,0.029399234856349432,0.04931399176164283,0.0197312426235488,0.034787188703259454,0.027363589249534394,0.017660557491088635
2019-03-01,0.010890899377916343,0.02537957016509062,0.020019755988560005,0.009311100814986808,0.012880224055693964,0.022803805194772417
2019-04-01,0.04411699971958699,0.07013159170296074,0.034883215524869726,0.059011358053150255,0.04347212731968078,0.06229429075004179
2019-05-01,-0.06074934821472103,-0.042993713643210904,-0.03049890691390421,-0.07851104608739143,-0.05271558915670332,-0.03404242755748872
2019-06-01,0.07430878594816573,0.07561195732350268,0.06251354709795871,0.06771734581804864,0.0716157628136231,0.06371046727196879
2019-07-01,0.005591403027218332,0.0026122839590719993,0.007502744493293661,-0.0024598281814096393,0.0053865040621526306,0.01006288916675753
2019-08-01,-0.030108501101930894,-0.0006954976373769071,-0.011724536134771903,-0.0173593623863603,-0.022904090985196815,0.0005462352244984163
2019-09-01,0.024953606919393894,0.017882353646515966,0.022576554551617407,0.03633729769179189,0.022866059093888107,0.01657180431600468
2019-10-01,0.013460900130836773,0.022299034235345277,0.012508591866023079,0.02409862073810166,0.011574744042286672,0.015395472735551516
2019-11-01,0.03777061599773353,0.043242802979863784,0.0020121169669028703,0.027536613153229528,0.03132456796495559,0.04421160817178493
2019-12-01,0.02338061597656565,0.03221419814191534,0.02429789053715083,0.03128035139645696,0.023195498057113524,0.026307468189415133
2020-01-01,-0.020682715108069915,0.027934919924930097,-0.007696748834549779,-0.0030215778257167867,-0.01607881368417372,0.004954071190118864
2020-02-01,-0.09135967575846088,-0.06739163939800957,-0.09384366340267669,-0.07841161324942097,-0.0913055412558247,-0.09229006447447616
2020-03-01,-0.09777850574021521,-0.04355300778955154,-0.07782971059935914,-0.09720994346707122,-0.08847410124919093,-0.0942096781494242
2020-04-01,0.10969666831113682,0.12282322201900439,0.09266766350731223,0.08199478043503666,0.1062632915059146,0.08602298621092294
2020-05-01,0.01945694832626975,0.020834828830615944,0.008402234526782808,0.014469366561514634,0.016693008068546487,0.010777234229964449
2020-06-01,-0.01725964984705266,0.04499907070045687,-0.025842270425956503,0.020667815985013833,-0.018215147870560847,-0.020990968156538715
2020-07-01,0.04510161324591342,0.0324930200313481,0.09468081507660449,0.05944644847425835,0.05524758267058903,0.05032470472004081
2020-08-01,0.053155403866076215,0.08045372860872672,0.05220138807968452,0.07593371612972351,0.05501941078405322,0.07631701894171054
2020-09-01,-0.027486814540569175,-0.04826555908951264,-0.004505744575557364,-0.0017764124348997894,-0.02190596302246687,-0.011049873834060383
2020-10-01,-0.02180373947972451,-0.030445361565549223,-0.016126306774193907,0.0014041787757816757,-0.021822716559043564,-0.0177804845695357
2020-11-01,0.1171236949861504,0.08202806296950392,0.07716904081067837,0.06986913989147786,0.10557072298919315,0.08196581781478654
2020-12-01,0.04683065636178704,0.027955002267097805,0.011076659775403964,0.009103406477504372,0.037645559347358956,0.022519849284596997
2021-01-01,-0.013176457641549897,0.017863666717034387,-0.044731182553960566,-0.011411143871027526,-0.020917609228818166,-0.004036749026672115
2021-02-01,0.04320494251120914,0.003941677940239962,-0.01036170163082288,0.02612657998386913,0.023001886164420907,0.028935621841262516
2021-03-01,0.05809893461707308,0.029904919934616945,0.06659328625594106,0.04489751616355284,0.061193073738944385,0.041903791942187865
2021-04-01,0.024825931377122815,0.051378183063157244,0.029151301923676338,0.026020216784638905,0.024145179374400787,0.022412755838115864
2021-05-01,0.023881693865609482,0.005700103232216587,0.013996916977971714,0.03404537361178596,0.022226733633046253,0.024754454903265635
2021-06-01,-0.00321702007886095,0.04736204972357144,0.009815778943654459,-0.01792561927985257,-0.0020854433721380584,-0.0037335590678676464
2021-07-01,0.01120009628640966,0.03972718959155692,0.043840918209960195,-0.0002224310628915369,0.021051024548965878,-0.016855065325503966
2021-08-01,0.02032404346878799,0.05045331271485224,0.027525408266872883,0.04452579688842754,0.021869718914003095,0.019673662269674097
2021-09-01,-0.041790288290030994,-0.05660479460932955,-0.05447291106520207,-0.048851514332863104,-0.04608145131589036,-0.03660177216461025
2021-10-01,0.04204567266144536,0.1274388525548975,0.08359824873084352,0.0900118617379942,0.048276146411219384,0.06674097725065552
2021-11-01,-0.02305205676986731,-0.0033769970457255562,-0.006003438585521275,-0.04171107016244253,-0.017570815216338933,-0.013626431515137163
2021-12-01,0.07087852693930916,0.03327383571480725,0.08135327283060537,0.02959671557064066,0.0751980049024604,0.04568012861402239
2022-01-01,-0.013682085891203769,-0.057322040195087645,-0.03183633603608575,-0.05014085746464943,-0.019082637384883885,-0.0008379052398240122
2022-02-01,-0.035596002583626725,-0.037951923385233344,-0.03807948030630962,-0.052816943254759496,-0.037239550166263485,-0.041741062450681043
2022-03-01,0.04090256349067295,0.040616188917610124,0.04853208912573837,0.08258270184677993,0.04268195916938313,0.03869723230173761
2022-04-01,-0.028720008624479924,-0.06702422764298817,0.0008024025954211958,-0.0167205656025199,-0.02016408228119631,-0.0007097410786927189
2022-05-01,0.015606821349303501,-0.015773112344756673,-0.04027998784839961,-0.052442253187198064,0.0016556364289953506,-0.007641012245542665
2022-06-01,-0.07086542239874014,-0.055853804878922365,-0.04213131192755272,-0.07743182165503384,-0.06236709514206967,-0.03572990800385455
2022-07-01,0.04706687208464272,0.07047828940857165,0.034845727954710116,0.04251189537315884,0.0414254168776206,0.028383394117091797
2022-08-01,-0.03637164059242769,-0.0535674567947273,-0.03813074060706665,-0.05357146943057616,-0.03675521480596004,-0.038320352674218315
2022-09-01,-0.07877878353051206,-0.08700222767949287,-0.07023090006825099,-0.0780086640711629,-0.07403876526605414,-0.05866379005321805
2022-10-01,0.13414726542747915,0.04716974787113305,0.07639362016660281,0.09684911016437399,0.11958555031557035,0.11740863639734188
2022-11-01,0.05758885066071787,0.0857420965127767,0.07639510253004755,0.08471440240228956,0.063535778732295,0.05976510385700267
2022-12-01,-0.027940718685347664,-0.04417767656621973,-0.017440402697608288,-0.024176573236150935,-0.0254824709659976,-0.006042074718883382
2023-01-01,0.006512067799061387,0.011827001530684353,-0.03168465923050398,-0.011001221554740493,-0.005083882481100739,-0.005169536191554101
2023-02-01,-0.03637387968585125,-0.008963170338304353,-0.03041066602089066,-0.03393198576968868,-0.03520041028623768,-0.03689015666218838
2023-03-01,0.016878428042899307,0.09655386567683996,0.06470385722635785,0.061138628510313486,0.026999034763385034,0.011706120251782283
2023-04-01,0.024967766559057913,0.05147409785739364,0.045913137014143186,0.05374466628659892,0.027617165665629616,0.021833383338858998
2023-05-01,-0.04953874779931548,0.02689748865919368,-0.043016208364405284,-0.039994658989113155,-0.04569283966855928,-0.056800588183910795
2023-06-01,0.05556435644931139,0.04123763987755038,0.052655255723807075,0.05409506745324054,0.052824283407107174,0.06830846840115266
2023-07-01,0.03651965862172735,0.00019264855758325866,0.018978309214078077,0.012823062323121429,0.03249595193916939,0.03575324445567719
2023-08-01,-0.010021297221554551,-0.016109899257031032,-0.009655875493168091,0.010147970455236062,-0.010525961836683542,0.0029911458593701004
2023-09-01,-0.036898277650290426,-0.031513469989726844,-0.03846967742974701,-0.02743024062715609,-0.038961236801492626,-0.03190196751193447
2023-10-01,-0.023491910552948563,0.035760898955861035,0.00974457309341956,-0.009099578313506213,-0.013899636418957164,-0.029829240758592647
2023-11-01,0.06377794289876942,0.08706325840430926,0.02828846464381455,0.035807892251652394,0.05479397776804718,0.0658994841381575
2023-12-01,0.023705539178655574,-0.0012778295986376434,-0.0036828806245617976,0.019104312712303433,0.015798721491818057,0.04381487348159676
2024-01-01,0.02437705241138699,0.048475509660157526,0.03709348066921902,0.05502918944513113,0.02738412470527886,0.059886544436423626
2024-02-01,0.04224748858323771,0.04229333166399495,0.031105795166465985,0.0540541499087037,0.03693266720646304,0.07713787618261946
2024-03-01,0.057213309715963986,0.02666206901846866,0.01744479011373784,0.046113708879795955,0.04773647453874871,0.04547753695109403
2024-04-01,-0.038813297210118905,-0.06019889412172849,-0.03610925556987094,-0.0421959827034904,-0.03764976715943165,-0.054386600297857184
2024-05-01,0.035602283570055175,0.0651486356194612,0.05103471469064041,0.05525249689439366,0.04205994206912416,0.0327986832696265
2024-06-01,0.006431775577610725,0.053320666868873774,0.018769719658303766,0.020974819665033145,0.010563984119929717,0.024082942858453114
2024-07-01,0.05037737775417252,-0.03130988148068255,0.02008213418905501,-0.0001458424404059659,0.04544331973227448,0.06839488404429245
2024-08-01,0.03865333559684829,0.02078521200564218,0.07055274243689491,0.04850413436108096,0.045405063194531456,0.055851664518673114
2024-09-01,0.02192051900865772,0.024797236289061646,0.01010509225024955,0.04678709390392605,0.02053801847734078,0.03702215427025281
2024-10-01,-0.02607779372200535,-0.03730465868935685,-0.025014470489690795,-0.024000193805315307,-0.028237739626776538,-0.023624418913282867
2024-11-01,0.063558978471662,0.055788212922682816,0.04952358935677875,0.07948542906356951,0.05890691311524618,0.08856282784984343
2024-12-01,-0.04359052611853597,-0.01720623972211773,-0.045328862032218226,-0.04880202405688297,-0.04079847684759807,-0.039853347030924254
2025-01-01,0.054526693906850485,0.013572939361554867,0.03082251502055918,0.0478296347128988,0.05027963248270938,0.09858843267276352
2025-02-01,0.01783430316934284,-0.019321260366518878,0.04112421889534539,-0.025062142831769246,0.021837558234396294,-0.009125491378815565
2025-03-01,-0.037613067203425436,-0.05490402511994757,-0.0297501872612685,-0.04722827712355478,-0.036555028328573776,-0.07040791559897086
2025-04-01,-0.023913712353670392,0.03846211768561804,-0.002150158191789223,0.0048205531876931345,-0.01572140563623195,5.9301525000382625e-05
2025-05-01,0.06515128206521588,0.11404410898589869,0.03616638307397711,0.061613921788825785,0.05665483235938488,0.04044617878381631
2025-06-01,0.045521623655639665,0.060260028254306125,0.006201990031329998,0.06346303462433973,0.03585665066577124,0.03752172993782875
2025-07-01,0.0029345105924378665,0.04946700933687992,0.024109879254925054,0.010182529968735895,0.0019275552018501543,-0.016854425110671995
2025-08-01,0.013873207788728007,-0.028345290051767884,0.029696463199030538,-0.0035715483790365148,0.017725928636875145,-0.00440368977369115
2025-09-01,0.033592827638412814,0.029154149035882208,0.018094212896597874,0.045218588903040195,0.029062225335413455,0.06585163080231665
2025-10-01,0.029719137934922795,0.0016332626070101552,0.00016471037899104174,0.02057918999885557,0.019967035478012655,0.043162054856956976
2025-11-01,0.02140017602841304,-0.013481503595407418,0.03818634270077708,0.002058521033551013,0.027249542814501034,-0.002526688559238797
2025-12-01,-0.0050093875544768695,-0.008785743237782008,-0.006632627239924693,0.0002700283010272758,-0.007849465427812272,-0.015537072988593819
2026-01-01,0.04464965452165408,-0.0456179692061065,0.06198773248069945,0.0506805456219381,0.048299003502720685,0.043718936646359736
2026-02-01,0.02790437420750066,-0.026866473066885794,0.049954328455087786,-0.014054774252359159,0.03223883467830536,0.02610272641193011
2026-03-01,-0.03663935485168497,-0.03930733133531715,-0.01974517673136394,0.012414889740525025,-0.03322240140602478,-0.005094261641742965
2026-04-01,0.032747081934690725,0.06957321679487344,0.005594059251588633,0.04462186345860778,0.020897695073084862,0.045869277475314975
2026-05-01,0.013781515688795029,0.03319680607203442,0.010460851936781493,0.029955050539479857,0.011388886507127247,-0.04201729297969313
2026-06-01,0.009607095157699454,-0.09383095246595,-0.032653245139930925,0.02214954562996425,-0.004472792482150376,0.046003435712748036
2026-07-01,0.010948683832559675,0.02527977416716063,0.02314426770222458,-0.018087804617942713,0.016616918852141768,-0.005132140383254084
