,CAT,DIS,IBM,JNJ,JPM,KO,MMM,MSFT,PFE,PG,WMT,XOM
2000-03-01,0.22197397437097094,2.0673383704191676e-09,0.15656698330633162,4.821514043096937e-09,3.527412775876164e-09,3.9857141147369627e-10,0.07802602055477002,0.0032965062538328105,0.02765371427225802,0.23225376920790258,0.03022902350820751,0.2499999977108897
2000-04-01,0.1219739882922125,3.761427948851314e-09,0.15656698392758217,3.087000439376643e-09,4.649844618843157e-09,8.807533302751963e-10,0.17802600241322417,0.0032965065038113583,0.027653713812270518,0.23225376961435992,0.030229024857459996,0.24999999820005278
2000-05-01,0.021974001502411904,7.382672230847672e-09,0.15656698925057683,2.142738030257509e-09,8.94171627417381e-09,8.005757329314896e-10,0.24999999309992493,0.0032965061814633776,0.027653713305785126,0.23225377819582899,0.05825500044075776,0.24999999875554893
2000-06-01,3.031003335998048e-08,1.93635216874497e-09,0.10619472275352719,3.1630539857346927e-09,8.321349040894422e-10,6.34056891571696e-10,0.2499999962662673,0.0032965021665619827,6.278887752428243e-09,0.23225383075643602,0.15825490763390312,0.2499999972687852
2000-07-01,2.663340498782219e-10,0.01461066450871535,0.10619472311910022,3.6566328289320677e-10,3.5260646598595437e-09,1.8146993843060319e-10,0.24999999958644586,1.4686611505215914e-08,1.0328661076767224e-09,0.13555042245691976,0.2436441709507891,0.24999999931902
2000-08-01,2.7646027248674476e-10,0.008232802066178222,0.19983857981267403,3.502135153566705e-10,6.468193825743592e-09,1.5604466313699382e-10,0.24999999967739386,2.6573112714393885e-07,8.757322599914187e-10,0.04192834889071545,0.2499999962537527,0.24999999944151421
2000-09-01,9.05826454252087e-10,0.008228964351517086,0.19986787795285493,1.2599370327760544e-09,1.5345927233228057e-08,5.927839365197118e-10,0.24999999869973263,5.6982563465028605e-09,3.4162025330056093e-09,0.041903152286045506,0.2499999816079419,0.249999997882978
2000-10-01,6.13818893473438e-11,0.00822895699062295,0.19986790304392768,6.95874773527787e-11,1.859387495911887e-09,3.3416247425854795e-11,0.24999999991902713,1.4772056914361278e-09,1.631303349638139e-10,0.041903139289632636,0.24999999717865073,0.2499999999140298
2000-11-01,3.983677303082982e-10,0.00822895092975549,0.19986790837327803,6.48098555350771e-10,7.497331432922283e-10,1.1750021015441892e-10,0.24999999975125692,1.5045860078511784e-09,1.319225871206382e-09,0.041903141636618145,0.24999999476688467,0.249999999804694
2000-12-01,1.5845917809175065e-09,0.008228982981402086,0.1998678741203137,1.9304088832093807e-09,3.244762264120403e-08,8.379208267969595e-10,0.24999999825433444,1.6123763400245334e-09,4.765670939858665e-09,0.0419031267226738,0.249999977658432,0.24999999708425533
2001-01-01,5.615839439819557e-10,0.008228971990264542,0.11277375109296457,9.453935467994427e-10,5.134948031598533e-10,3.4773351591086585e-10,0.24999999816902232,6.441559761566697e-10,3.284471315441029e-09,0.14190309625038205,0.23709417732298424,0.2499999988775492
2001-02-01,1.2593737182236772e-09,1.224169161607055e-07,0.041569614204431386,5.960987056918048e-10,3.373864024093807e-10,1.384543915745616e-10,0.24999999940783402,8.824160742564237e-10,1.7120119624346974e-09,0.24159032754793802,0.21683993195221463,0.24999999954492452
2001-03-01,8.886985963399367e-10,0.045201562770596615,0.09636816908794803,3.5279142251998526e-10,4.82846043441382e-10,7.351514070707767e-11,0.24999999968663617,7.877332857027773e-10,1.7556581963836569e-09,0.1415903334742776,0.21683993088613573,0.24999999975316303
2001-04-01,1.7848343794043042e-09,8.986225277709967e-08,0.04156970772119094,2.4690673613708966e-09,7.882835616561304e-10,8.884332275223731e-10,0.24999999512671062,2.2968475742885726e-09,4.942871714942522e-09,0.2415902808452576,0.21683991650985357,0.2499999967643977
2001-05-01,9.9791453250117e-10,3.2304878810572573e-09,0.0415698156893594,3.5771263651403407e-10,2.205199165467944e-10,8.45469117441894e-11,0.24999999954853722,4.876649419705851e-10,8.598386635269032e-10,0.24159036196639397,0.2168398169170592,0.24999999963996436
2001-06-01,2.6822573497856674e-09,5.227882853282537e-09,0.12866393235676277,7.025550596995742e-10,9.576776484711314e-10,1.5355088149912956e-10,0.24999999939963144,2.4063638543269027e-09,1.5875183028061635e-09,0.14159037924719262,0.22974567586059533,0.24999999941801207
2001-07-01,3.2766984142917888e-09,0.07942404848498891,0.07870230357620633,3.982149269189666e-10,1.5173349251230971e-10,3.7341633556343756e-11,0.2499999998939854,0.0003216223501474849,6.993895852243922e-10,0.09155202938740893,0.24999999188251423,0.24999999986137073
2001-08-01,4.1512592171337727e-10,0.011732887412621035,0.17198589122674549,8.839118704881823e-10,3.6134291331998245e-10,1.310108849400149e-10,0.24999999968097672,1.5658170957620752e-09,1.6935195034946373e-09,0.06628122022299879,0.2499999967965894,0.24999999960934033
2001-09-01,8.417034353179171e-09,0.011732896924958242,0.171985876059432,1.4871790187835186e-09,1.2672478435141338e-09,2.4067155020112657e-10,0.24999999902895315,2.8492778777819764e-09,2.4210544367555834e-09,0.06628121741421178,0.24999999474876894,0.24999999914121018
2001-10-01,2.0568905223661664e-09,2.448305930805915e-09,0.1719858027229597,7.438136983142242e-10,6.109507445970564e-10,3.553253150973809e-10,0.24999999923810087,1.1143375309766007e-09,7.10012699703017e-10,0.16628119188421192,0.16173299884507403,0.24999999927001704
2001-11-01,9.85570993941625e-10,6.433955275366315e-10,0.0719858163784409,7.315527757762462e-10,1.5964524618425505e-10,1.4405982692652152e-10,0.24999999939274936,1.0483354092347338e-09,6.45531660856658e-10,0.206667231514896,0.22134694886729697,0.24999999948852528
2001-12-01,3.135930483892765e-10,3.758698023156324e-09,0.041569693922731216,9.266294260656278e-11,6.048407737121182e-11,2.263130244954606e-11,0.24999999989979316,1.4213279336338996e-10,2.506704656018096e-10,0.24159075148745143,0.21683955012474512,0.2499999999244065
2002-01-01,2.587324880188191e-09,3.5980806281767977e-09,0.12866360625484285,4.873374350164014e-10,8.155932259981241e-10,1.057316060313852e-10,0.24999999948082177,1.1427993847218294e-09,1.2523559489675603e-09,0.14159076007769264,0.22974562466086595,0.24999999953655377
2002-02-01,1.7449407620865034e-09,1.0363995351462471e-09,0.14500253255425513,1.4570607888968452e-09,7.92097404594705e-10,3.4916025108814704e-10,0.24999999895227668,1.1626630094051762e-08,1.2998509121560665e-09,0.18741732572833186,0.1675801254973006,0.24999999896169606
2002-03-01,3.559198048575924e-10,2.37073233292375e-10,0.17477099738137936,2.3251271332598574e-10,1.0980993816738484e-10,5.2252557796893953e-11,0.24999999985542726,7.915343690117955e-10,1.8922833826984982e-10,0.1809822440334513,0.14424675690202549,0.24999999985938573
2002-04-01,7.060976081783945e-09,3.679798908982309e-08,0.12957982298560994,3.9027890441272725e-09,3.9382427867139366e-09,1.1578848341561009e-09,0.2499999964333658,6.144596080783886e-09,7.22573773655657e-09,0.140538703794103,0.22988141371052428,0.24999999684818125
2002-05-01,1.090924853519039e-10,7.33738353800756e-10,0.12957991072294875,2.9302163096977074e-10,2.4346652906389163e-10,7.689949599243793e-11,0.24999999973229514,4.956703704333431e-10,3.76809033602716e-10,0.1405386809213714,0.229881406582835,0.24999999971185133
2002-06-01,9.890282721278168e-09,3.0901486500418534e-09,0.17477053896502992,2.040026836131636e-09,1.6831431762944469e-09,6.033444549237408e-10,0.24999999768094508,4.193553393790423e-09,2.080175541067306e-09,0.18098232301187583,0.1442471185936851,0.2499999981677895
2002-07-01,9.2523908711962e-11,2.4211200259090482e-11,0.17477100400363782,9.424657559648442e-11,4.305483524729532e-11,2.074160422903029e-11,0.24999999992226907,3.810331446232851e-10,6.798928186730056e-11,0.1809822424269441,0.14424675299007053,0.24999999993327804
2002-08-01,1.0668204745080953e-10,2.7826314380382682e-11,0.17477100711547724,1.1082281349679344e-10,4.9285512304763975e-11,2.5119096026394982e-11,0.2499999999119834,6.83892984285473e-11,7.961101874034856e-11,0.18098224125168272,0.14424675132880346,0.24999999992431707
2002-09-01,1.322752931513399e-10,5.604659491814009e-11,0.07477100864166306,1.1770003801800266e-10,2.2400916606221817e-11,2.0223352663329955e-11,0.24999999991069136,1.5325915790032154e-10,8.521694687247227e-11,0.20346932346898594,0.22175966746961778,0.24999999992191937
2002-10-01,1.0022904881201969e-10,5.21527380663607e-10,0.03186545850956083,8.062439986144558e-10,5.33053059948282e-11,1.0809119310570264e-10,0.249999999687785,0.010155802758290986,0.04331351469435621,0.24999999833816786,0.16466522462158512,0.24999999980085688
2002-11-01,6.775323133410184e-11,5.286458187817832e-10,5.711522012019148e-11,0.09406901388068652,9.82695298684105e-12,1.4617585741931043e-10,0.23533478807651056,4.6258376279076616e-10,1.6871117031230441e-10,0.24999999986495824,0.1705961985598434,0.24999999817718926
2002-12-01,5.083576194022233e-11,1.8117816988720864e-11,6.05724459684008e-11,0.09369145290224676,0.0,6.147893586306415e-11,0.23367629168472112,8.009140113285192e-11,9.667583984145616e-11,0.24999999986024773,0.17263225568314022,0.24999999950718402
2003-01-01,3.066782334796741e-11,0.06651013434812497,2.968340809343828e-11,0.0746002322826566,1.0636729201265369e-11,2.9176883618793e-11,0.15276752288459475,1.0250885320468073e-10,6.01506619151079e-11,0.24999999989819785,0.2061221104386725,0.24999999988492888
2003-02-01,5.708361579057019e-10,2.820490890156147e-08,5.261636720435806e-10,0.09369141660946857,1.271724749791917e-10,9.083948670689717e-10,0.23367625072378198,1.7134128283805578e-09,1.0796228802452717e-09,0.24999999923830574,0.1726323046353103,0.2499999956626216
2003-03-01,3.3257972319484756e-11,6.55756091625251e-12,3.645785407410667e-11,0.09369145297276155,0.0,4.304262441778442e-11,0.2336762915632273,1.3149165045890929e-11,5.892736416641747e-11,0.24999999989622243,0.17263225577029806,0.24999999961188032
2003-04-01,2.534144148047714e-11,5.042649282796124e-12,2.7057871429101475e-11,0.0936914531109961,0.0,3.284662739714441e-11,0.23367629143657184,0.0,4.1824077168618447e-11,0.24999999991595775,0.17263225573762003,0.24999999967560388
2003-05-01,9.577211173527674e-10,0.06651002839972493,8.538980049556027e-10,0.07460017647762114,3.063779807927454e-10,7.805347907807833e-10,0.15276780186262387,2.3548828087711264e-09,1.6433692137231518e-09,0.2499999973835248,0.20612199146227836,0.249999997517443
2003-06-01,8.240793954315228e-10,0.07832406181842375,9.180204166882325e-10,0.08136368609654022,2.991089598932514e-10,9.851076002533578e-10,0.12128128694661072,5.856367023753733e-09,2.0819772103795953e-09,0.24999999598000933,0.2190309625821642,0.24999999561158928
2003-07-01,5.88259313053402e-10,0.04080320177713406,4.716873435440349e-10,0.059883040602144895,1.0280118649659501e-10,9.540116583049732e-10,0.22128113565520655,2.3348859107392585e-09,1.3407473961307026e-09,0.2499999984020097,0.17803262337323228,0.24999999439787968
2003-08-01,6.639930390724876e-10,0.060253665353839365,1.7945828395543567e-09,8.530893623582796e-09,1.6024852919685147e-09,1.0153013987589324e-09,0.24999999572725223,5.726934231458436e-09,1.844531677608826e-09,0.24999999362783,0.1897463327695555,0.2499999913428037
2003-09-01,3.4539121716403313e-10,0.030027620131056115,3.29910871398638e-10,0.05371402300370511,1.1557857431831666e-10,4.405709261906713e-10,0.2499999938348454,1.1437180299965196e-09,6.765105108330263e-10,0.24999999932481112,0.16625836254882265,0.2499999981050744
2003-10-01,7.736464897841169e-10,0.13002759754671137,1.1056147900973049e-09,0.04259214603981139,2.159981183893216e-09,8.758067815063014e-10,0.24999999388381342,2.4882269644052135e-09,1.2874952134622117e-09,0.16112189477583597,0.16625836259012608,0.24999999647293025
2003-11-01,4.793027898411379e-11,0.150531069081856,1.269431334717565e-10,0.02740592593101593,2.2407556833452538e-10,2.5121910817596227e-10,0.24999999932182823,4.148129147062208e-09,6.921844390081535e-10,0.1782053729587706,0.2286713264062278,0.16518630080982008
2003-12-01,2.671546508527304e-10,0.14867072477526283,6.950576416354626e-10,2.1190143304615892e-07,1.2136834415529395e-09,1.3510106748396151e-09,0.2499999962788326,0.015774789740420278,4.004002260433701e-09,0.21110744031782724,0.24999993529861667,0.12444689415669877
2004-01-01,1.652394095169766e-11,0.1584460607099039,4.314641744309152e-11,0.021454082605837192,7.333042162605992e-11,8.755621688315435e-11,0.24999999975815415,7.52489579282909e-08,2.388161031996904e-10,0.1919203411901005,0.24999999096783623,0.12817944905983703
2004-02-01,1.0396404511857726e-10,0.14002130816503974,2.6405560041601044e-10,0.03530863458510675,4.457342723792246e-10,5.244406475931725e-10,0.24999999841485893,8.602073654024998e-08,1.3248991302004775e-09,0.15999463446202386,0.2003508306160472,0.2143245050730933
2004-03-01,4.153076476584729e-10,0.13239102711141393,1.0536928470726694e-09,0.04104615775136846,1.7334325319667282e-09,2.134747033745253e-09,0.24999999382396984,1.3946623164456693e-07,5.212302212301195e-09,0.14677328360706302,0.17978959603431924,0.2499997916561517
2004-04-01,7.206801155561599e-11,0.13239107181353926,1.723648467569252e-10,0.04104637782770377,2.7919881388959597e-10,3.3509012077873957e-10,0.24999999911605827,2.1551547049447904e-09,6.183423917940516e-10,0.14677305036680813,0.17978949860966015,0.24999999863401107
2004-05-01,4.6370388003130176e-11,0.13239107160165434,1.0290235623658537e-10,0.04104637826336977,1.681730415325028e-10,2.2484132768485992e-10,0.24999999938217668,1.6678302094747613e-09,3.841952234055206e-10,0.1467730504202287,0.17978949826724272,0.24999999947101487
2004-06-01,2.121337889778993e-09,0.15376776548051613,1.5741156399275507e-09,0.048261564177713906,8.10809373195447e-10,1.7695692620144105e-09,0.19203079844259469,4.1783847390321025e-09,2.598721805212528e-09,0.17526683589466455,0.22270351836855806,0.20796950458301386
2004-07-01,5.245580177347472e-10,0.13239109926348552,1.214829466579373e-09,0.0410463557856613,1.9086620185149873e-09,2.2820340552385128e-09,0.2499999735945168,7.517683608123443e-09,4.251448165193166e-09,0.14677310311767106,0.17978956791141956,0.24999988262803033
2004-08-01,1.1437544369010764e-09,0.15376783099517657,8.536836086989305e-10,0.048261574375459394,4.4532786207998e-10,9.651882073205134e-10,0.19203066247432382,2.407163492094809e-09,1.4588751534240338e-09,0.17526692558008136,0.22270362553469616,0.2079693737662699
2004-09-01,2.543416608332161e-10,0.17897155774198212,1.8420155587203709e-10,0.05821028475644586,9.314491683470993e-11,1.9512298794157418e-10,0.12961880131678222,5.107956677436069e-10,2.96885658026879e-10,0.21281809520569128,0.24999997909317767,0.17038128035142805
2004-10-01,4.0770675934150796e-11,0.1912807520192293,2.8222125958466182e-11,0.06727601132588384,1.2988022218802667e-11,1.920391710943236e-11,0.09320818304986765,5.731525745827483e-11,3.375037008290924e-11,0.23175268673172822,0.2499999997805902,0.16648236690045048
2004-11-01,1.8922969129577659e-10,0.19128075121204027,1.0502373008777716e-10,0.06727601240370164,2.7016008287801923e-11,1.3508220441841333e-10,0.09320818195566799,1.62602966896403e-10,8.227578620106708e-11,0.23175268808733276,0.2499999994623899,0.1664823661776367
2004-12-01,4.06748233253304e-11,0.1623894530815428,9.24816226953514e-11,0.04130540816514734,1.9892276708104356e-10,1.5831209926382688e-10,0.19320817255946637,1.4158812911449191e-09,4.084193483578898e-10,0.19037973945833578,0.24623485940098527,0.16648236501983046
2005-01-01,1.5389181662741814e-10,0.14101250465786572,3.5314862195457146e-10,0.034563458733491204,5.708928607100182e-10,6.408334786361378e-10,0.24999999216268212,9.927491202350036e-10,1.1859523797844972e-09,0.16171194739032183,0.20302166549387687,0.20969042766429405
2005-02-01,1.0516725640995101e-10,0.13239107583424944,2.514988003564185e-10,0.041046376173299565,3.880894943111613e-10,4.982161330803911e-10,0.24999999830097108,9.51884211499618e-10,9.970733240232366e-10,0.14677305609938757,0.17978950756058534,0.24999998283957658
2005-03-01,7.755250283021803e-10,0.13239100295880638,1.5078444482618334e-09,0.04104622683726824,2.4848402418519793e-09,3.259945336109745e-09,0.2499999913816689,1.1756902407004102e-07,5.079684567742723e-09,0.146773180336022,0.1797894811640001,0.24999998664537051
2005-04-01,8.912311356840923e-10,0.10624204200777733,5.70077033783307e-10,0.1135713806945921,1.203608044979106e-10,3.5874585098743745e-09,0.22388943045210682,2.0061611041553364e-09,1.873770159002914e-09,0.1742480188038635,0.13204913209499217,0.24999998689760944
2005-05-01,4.182397161628872e-09,0.08294171412786437,7.195652238503525e-09,0.14440140609573096,4.407255100768168e-10,2.917212935713975e-09,0.14718981176760415,0.015897175443541977,2.965371022614123e-09,0.22752075962955906,0.13204913399874202,0.2499999812355987
2005-06-01,7.462217042216606e-09,0.058153189626417294,1.814666874139921e-08,0.20509595247292745,5.858078101998603e-10,1.498370658529921e-09,0.07328187205721315,0.03272325318395953,1.8643570287229843e-09,0.24999999633349287,0.13204917902336544,0.24869652774520293
2005-07-01,6.713109467195586e-09,0.058153160538765555,2.3878450586052706e-09,0.23545518180993555,9.811109122412125e-11,5.585528131066635e-10,0.07328185719356006,0.011206221454711491,7.223215473643986e-10,0.24999999825021582,0.2016899197730734,0.17021365049979806
2005-08-01,0.055364593925302644,0.04482616172411568,2.423287777680213e-10,0.24999999938925238,2.0183030700117004e-11,1.5479667042011012e-10,0.04734964430545769,3.4272611685327544e-10,1.5210449991335248e-10,0.24999999980977655,0.23178047808717686,0.12067912184677866
2005-09-01,0.15015603610696715,0.0276871118049151,4.386742390478274e-09,0.24999999412029836,4.296221961764805e-10,6.1155383812599975e-09,0.009734445953186413,4.6317946129208e-09,3.6189799002274228e-09,0.24999999727870958,0.22041813841103766,0.09200425714220839
2005-10-01,0.1501564716525771,0.02768703631459206,5.033691176735765e-10,0.24999999940061757,4.0409945537593785e-11,5.419137273175568e-10,0.009734301716794562,5.276932490959783e-10,3.8288949414354405e-10,0.2499999997024114,0.22041809474655305,0.09200409447017781
2005-11-01,0.15015647371223556,0.027687035985570544,4.5278223104632993e-10,0.24999999946604565,3.6019472890251087e-11,4.80350803608436e-10,0.009734301542272679,4.73140348838946e-10,3.420833920690222e-10,0.2499999997340925,0.22041809464896953,0.09200409312643644
2005-12-01,0.15015646798412205,0.027687038023815162,1.1508145796750649e-09,0.2499999986330548,7.932982290276269e-11,9.1341309608126e-10,0.009734263090292324,1.474332840479251e-09,9.3784385571738e-10,0.24999999930268668,0.22041809201448903,0.09200413639580318
2006-01-01,0.05015685244609427,0.04644148525791917,5.085160933157977e-09,0.24999999622263278,2.749537579686844e-10,3.7813179564189535e-09,0.009734109287385152,4.5759216696465245e-09,2.2099122734647645e-09,0.24999999857147145,0.22860310624175836,0.16506443604547216
2006-02-01,1.0968116646656234e-08,0.05565493106670817,2.172402420697895e-09,0.24999999717366506,1.831814596198591e-10,2.5057594942141926e-09,0.02111561125757854,2.390756531820539e-09,1.2852805087165103e-09,0.24999999894909478,0.2337988487048364,0.1894305933426204
2006-03-01,8.00539634174357e-09,0.019935599844399274,6.015297703767888e-10,0.2499999982861224,8.387634251714328e-11,5.4897974169420914e-09,0.06792169363033324,6.677510055656508e-10,9.258211812296682e-10,0.24999999944474044,0.1695182118120512,0.24262448120818145
2006-04-01,3.9187616757122473e-10,1.0020619752295918e-09,6.605081102053589e-11,0.24999999933636496,1.8042406531378864e-11,4.7877345941611686e-11,0.11768047794226666,1.4234714217819075e-10,1.1276230092942195e-10,0.2499999998614424,0.13669645245801293,0.24562306862089528
2006-05-01,4.009772294825612e-10,4.766761217447968e-10,3.145051615368949e-10,0.23960401545468482,1.1026101987686767e-10,0.015883267659580893,0.201797182665366,1.390270059412148e-09,1.1821478470166325e-09,0.2499999995597348,0.09004181797481992,0.20267371281097613
2006-06-01,8.53948538789863e-10,6.458746846825944e-10,4.933652476183951e-10,0.22146282295067055,1.0253615944932805e-10,0.019603836381985137,0.21938782526340547,3.6509056793100507e-09,3.02622131830419e-09,0.249999999329803,0.0853271317015645,0.20421837559971973
2006-07-01,2.3084529049673857e-10,1.0780803527695402e-09,6.813199981991008e-11,0.24999999902390477,1.333146597470264e-11,0.049999997886702834,0.14674505223625536,5.256209500193727e-09,8.717320374936031e-10,0.24999999980468757,0.1263937764093478,0.17686116712077107
2006-08-01,1.745269142065953e-09,1.374119711708538e-09,9.944354624521639e-10,0.2174227089086671,2.833635521768475e-10,0.02295186490086889,0.21694117802131999,6.3859481048679075e-09,5.214977951154853e-09,0.24999999856631086,0.08826821647460023,0.204416017130119
2006-09-01,1.1354546926704408e-09,7.815741776322309e-10,5.256150816632504e-10,0.20070824953635272,1.0292268711804493e-10,0.03242223228683746,0.23088990235332657,0.0024175141387913833,8.8843507624677e-09,0.24999999912233953,0.09968784665310343,0.18387424447933137
2006-10-01,4.166835485932172e-11,1.7324978631810106e-11,2.047277852623578e-11,0.22266298679842536,1.0978617758335225e-11,0.0188527443040788,0.2187149938326768,2.9160119745518053e-10,3.5914376913643947e-10,0.24999999996725758,0.0858575896766527,0.20391168467971907
2006-11-01,9.104187597462987e-10,3.2066415330622073e-10,5.462038544603199e-10,0.22266290444613895,0.0,0.018852812156695032,0.2187149655047003,1.644629254077391e-08,9.996863696654569e-09,0.2499999993164816,0.08585762415426533,0.20391166624101859
2006-12-01,8.219389627104417e-10,2.6768209523071636e-10,4.795402477514294e-10,0.22266289172287115,0.0,0.018852820985245385,0.2187149635339989,1.5605873913640363e-08,9.614014490142316e-09,0.24999999936249748,0.0858576283382347,0.20391166931987775
2007-01-01,7.881979874992346e-10,2.4417300937594766e-10,4.4909118985980527e-10,0.222662869862486,0.0,0.018852837573200186,0.21871495754842604,1.4792679878728345e-08,9.469319080923233e-09,0.24999999937788409,0.08585763788489632,0.20391167205846278
2007-02-01,8.255110150833528e-10,2.553260745836893e-10,4.558695934495905e-10,0.2226628253817966,0.0,0.01885287214581643,0.2187149432994621,1.504798546013194e-08,1.0014627118452122e-08,0.24999999934254796,0.0858576576354004,0.20391167564720314
2007-03-01,8.738907993358972e-10,2.854567303462522e-10,4.680885336039061e-10,0.22266274822205087,0.0,0.018852932772948198,0.21871491804325502,1.583474713722148e-08,1.0837996518761662e-08,0.24999999926186553,0.085857691048302,0.20391168240937843
2007-04-01,6.930943686445271e-10,3.133521703120134e-09,1.976018080564846e-10,0.24999999631591158,4.645912029881911e-11,0.049999993613249714,0.14673143553531565,1.584565434433357e-08,2.6491080050802926e-09,0.2499999994095407,0.12737332109946262,0.17589523146108033
2007-05-01,1.819291963903007e-09,1.3539162278769832e-09,7.942088081189376e-10,0.20070834452878106,1.8946340722783578e-10,0.032421915131062774,0.23088984675509644,0.002417727775788508,1.1804888856467139e-08,0.24999999866079303,0.09968762856204204,0.18387452262466683
2007-06-01,4.826055818322402e-11,3.449223492465579e-11,2.1327611591345878e-11,0.20070824061487436,4.112656412462257e-12,0.03242227748482928,0.2308899120430421,0.0024174796969078107,3.9533457002782745e-10,0.24999999996402117,0.0996879315287389,0.1838741581640587
2007-07-01,5.258293316424338e-11,3.769071867354208e-11,2.3181603622370598e-11,0.2007082406690948,4.534174154867125e-12,0.032422277264181655,0.23088991200725617,0.0024174798825217243,4.255603628882423e-10,0.24999999996076272,0.09968793118546708,0.18387415848716596
2007-08-01,2.1494889512877693e-10,0.022209196468411678,6.807532496223244e-11,0.24999999981125967,7.958142877247646e-12,0.04999999860005466,0.16699198058841266,3.171295512922534e-10,6.746424793133582e-10,0.24999999990743127,0.06600337957281303,0.19479544376885927
2007-09-01,3.2868899248893464e-10,0.02220918560440393,1.0379866595790457e-10,0.2499999996830344,8.348548423579629e-11,0.04999999945801804,0.06699200738511844,6.72084811538159e-10,7.724088732027182e-10,0.24999999971506956,0.14498269131818597,0.2158161148757028
2007-10-01,2.92897174978651e-10,2.5678628270598223e-09,8.176732548551566e-11,0.24999999935216666,6.627430908485863e-11,0.04999999838461463,6.038216269460461e-09,4.60112429170693e-10,4.2627794640555005e-10,0.24999999963403538,0.2231249195148833,0.22687507318090705
2007-11-01,4.015170841411524e-10,2.0978669752685409e-10,3.024192159432615e-10,0.16658975435371973,0.0634044878809947,0.04131126175805564,0.013470580701634604,1.9110294386635585e-10,2.90290460539668e-09,0.2499999996225328,0.21522391368054852,0.24999999799478345
2007-12-01,1.3754231158943572e-10,7.566062591816011e-11,1.4096948883183893e-10,0.11530547895517235,0.07028730713399385,0.041311260946761796,0.10658774834397552,1.2594525577755187e-10,7.548177437022223e-10,0.2499999997782411,0.17658271528598263,0.23992548832093724
2008-01-01,8.472245672602621e-10,5.918492665785546e-10,1.000380024270392e-09,0.08666244629878014,0.10984139583354278,0.03926090002452298,0.15107046751652586,1.0423010392408077e-09,4.275674503345276e-09,0.24999999793349625,0.11316479221845802,0.24999999241724455
2008-02-01,0.016605073481309567,6.429070567640591e-10,1.962809951476469e-10,0.11295714408880751,0.08497709959182585,0.039260898932022475,0.11471123472400162,7.568748845082252e-10,3.6712602938104615e-09,0.24999999914338814,0.17026500623628238,0.21122353853503922
2008-03-01,0.017928074329221565,5.956749118587352e-10,6.930830706620157e-10,0.112957143952443,0.18365409480752148,0.03926089875446395,0.11471123419578741,6.542142076324322e-10,3.614107124239766e-09,0.15538716710324074,0.17026500671459063,0.20583637458565185
2008-04-01,0.04189881149041913,0.04617702401916651,1.1304865782637178e-06,0.1428080810126426,0.161262635387506,0.039260789600043436,0.08959256854802666,3.731333903714168e-09,8.014119258577365e-08,0.11030349712303845,0.170265015259703,0.19843036320034962
2008-05-01,0.08845446536205885,0.021248266211307813,1.8186146728824212e-09,0.18622692410575245,0.13835461804496665,0.020476639732993376,0.08747057811295775,1.8450462188692586e-09,8.397032162595309e-08,0.1103035085318251,0.18029046683621305,0.16717444542794255
2008-06-01,0.13747315794111525,1.0191672157115079e-08,1.2692149705769171e-09,0.21970232722496905,0.11827171579074865,1.6662746310711918e-08,0.07816780200643746,3.7046326273137986e-09,6.516295244146896e-08,0.11645367586327408,0.19164613075686973,0.13828509342536727
2008-07-01,0.17678295424967153,7.438173975910405e-09,3.383353311915522e-09,0.24804490864771425,0.0817480478921797,4.041170752555658e-09,0.038680049931777344,5.6521318268512875e-09,4.1006072418769827e-08,0.11540334791278391,0.22399365349456177,0.11534697635040925
2008-08-01,0.17678293646392734,6.853952746168971e-09,9.045796156905263e-08,0.24999999590163982,0.044290625764717706,6.796448790825814e-09,0.006874851131699836,0.020545235909332174,4.1022810881394336e-08,0.08466601510943936,0.24999999814170593,0.16684019644636386
2008-09-01,0.13925475461761386,9.132881062621197e-09,9.800067339693591e-08,0.24999999764888006,0.034257640256670406,7.069869862221779e-09,0.006874847657413557,0.04291285275808058,4.302494101759644e-08,0.03222721152848566,0.24999999942616374,0.2444725388783267
2008-10-01,0.062484842996540835,9.869208433185787e-09,0.010184958260755987,0.24999999721099944,0.034257650139559045,0.01814254283610056,0.027419132485455966,0.038784185766615756,0.049999995662935864,0.013125848867964196,0.24999999978263623,0.24560083612122788
2008-11-01,0.062484845159523246,1.618667710118615e-08,7.705267661249284e-09,0.24999999854897734,4.872111860550815e-10,0.016752691517807245,1.0375542317433772e-08,0.13438496156653706,0.03637746457769426,4.643158179058799e-09,0.24999999981039367,0.24999999942120985
2008-12-01,1.7079672753237843e-10,3.061996579613455e-09,7.362802091638334e-10,0.24999998954311156,5.892576280859039e-10,2.5638924391890756e-09,0.035528019802026245,0.11362253835669568,0.05000000884055533,0.050849437111449666,0.24999999959134483,0.24999999963259303
2009-01-01,1.8797159615132402e-10,1.5551521405152938e-09,7.472375936899917e-10,0.20710301529078376,9.68086451751474e-09,1.7607934316534485e-09,0.09263102609048054,0.056519523640216715,0.09289698411403541,0.050849437532198345,0.2499999998108196,0.24999999958944644
2009-02-01,6.426756313233722e-11,1.930598638119873e-09,8.270269115355011e-10,0.16362274727875648,9.035473655218083e-10,1.3630735465151332e-09,0.09263093647780803,2.3524020851074796e-08,0.1363772427858726,0.10736904785946354,0.24999999807025333,0.24999999891531116
2009-03-01,0.0,1.3360984193784891e-09,0.09999999805845391,0.16362274754789333,2.3523817266469076e-10,1.0730562364744495e-09,0.09263093653237274,2.2745827995176636e-08,0.036377248972974764,0.10736904751750277,0.2499999966661144,0.2499999993238463
2009-04-01,0.0,2.4337685354572326e-10,0.14819731080017953,0.09999996750615715,4.1840079266683896e-10,9.132423320899578e-10,0.14443359904474248,9.349281365366491e-10,7.46542706906033e-08,0.10736904683295996,0.24999999925089794,0.24999999942808315
2009-05-01,0.0,2.915242517760619e-10,0.11403397896823861,0.034163369387970266,5.813067360033939e-10,1.022589067367748e-09,0.24443356046459314,5.689154143213667e-10,4.3011548531168634e-08,0.1073690481642774,0.24999999838333978,0.24999999917730423
2009-06-01,0.0,1.8046229806091578e-11,0.11166438707004132,3.1009171431653287e-10,4.00153501024999e-11,7.254653184133489e-11,0.24999999980106308,4.1363758406640094e-11,2.4430813822485736e-11,0.13833561273431014,0.24999999993494665,0.24999999995464914
2009-07-01,0.0,2.8143943001172978e-11,0.11166438757919712,3.6708327040208994e-10,6.908074050483243e-11,1.1726785189813416e-10,0.24999999871306455,7.374016122548925e-11,4.580013569630883e-10,0.13833561283887252,0.2499999998648845,0.24999999989327162
2009-08-01,0.0,5.445805928571569e-11,0.14582773484400088,0.06583663232056101,9.661095315808694e-11,1.7112374409841542e-08,0.1500000017864228,2.111755495796034e-10,2.4948046478930335e-10,0.13833561387996204,0.2499999996647439,0.24999999978085305
2009-09-01,2.1107818418988464e-11,1.2668292066846827e-09,0.17999098591287133,0.13167286985601734,2.484450692818338e-09,4.722073128545419e-07,0.050000050074674014,4.8870354263589695e-09,4.640376329860813e-09,0.138335616309784,0.2499999953164742,0.24999999702306666
2009-10-01,0.0,3.1427215557497286e-10,0.19651157188978044,0.20829163733600256,7.603442868101334e-10,0.006861025543727073,1.4385205868053834e-09,1.7623933614734506e-09,1.656805851387693e-09,0.08833578980648589,0.24999997170722327,0.249999997788841
2009-11-01,1.4980135564064688e-13,7.466578125877806e-11,0.1873295272930877,0.2082916446624767,2.19346804011256e-10,0.10686100392029627,3.1260255167021763e-10,5.804537448547727e-10,4.990782983140968e-10,0.008750724478355374,0.2387670986477921,0.24999999931169506
2009-12-01,0.0,1.8032205684616988e-09,0.19651134019578856,0.208291642489337,2.43936197656174e-09,0.006861108426591034,6.029266931661606e-07,2.44544233275616e-09,3.971035963573222e-09,0.0883353034477875,0.24999999399240905,0.2499999979881376
2010-01-01,0.0,8.703296275001796e-11,0.18732951517818777,0.20829165001238278,2.4691842467529457e-10,0.10686108277925292,4.0647492467372937e-10,6.204882318963937e-10,5.695550641839299e-10,0.00875065468620738,0.23876709625832757,0.2499999991557975
2010-02-01,0.0,8.664459624867893e-11,0.18333933201455063,0.23420798272314844,2.2658829870313907e-10,0.08245268240608462,4.253525668848158e-10,4.4262238049206573e-10,5.775509025503077e-10,3.003612785568192e-09,0.24999999862562175,0.24999999947189522
2010-03-01,0.0,3.8316109238522324e-11,0.19040853217277967,0.1727407587353627,8.687969553491948e-11,0.16642172701948277,1.3291648769728897e-10,2.176635746568909e-10,1.7062399003528258e-10,5.807038684432834e-10,0.2204289812839879,0.24999999956265428
2010-04-01,0.0,4.394225920175388e-10,0.16824982554973666,0.17067038085150482,5.208159003716573e-10,0.16107980932265598,8.337234892228537e-10,4.29177715438376e-09,1.0014901259946275e-09,3.2899636020196367e-09,0.2499999775093697,0.24999999644858892
2010-05-01,0.0,8.410914121275241e-11,0.16824981197554892,0.17067037859399917,1.3597603503077406e-10,0.1610798098035281,1.4125944343498826e-10,1.0988383087521575e-09,5.4398174931177675e-11,6.832873404761617e-10,0.24999999833357883,0.24999999910338738
2010-06-01,1.1636671122673584e-10,1.163079842646757e-09,0.23830492154378946,0.1882863488590384,8.752416894724162e-10,0.06107985799486949,1.1589971770474255e-08,2.762076482118094e-09,0.012328827638457206,2.974055704653358e-08,0.24999999876188367,0.24999999895466823
2010-07-01,9.77215219144061e-11,7.289185346975758e-10,0.23830492222166644,0.0882863894520982,1.0556272530973498e-09,0.06107985507352707,8.231413020361827e-09,4.0275002300815093e-10,0.012328822421439886,0.1000000137748323,0.2499999957633614,0.24999999077664445
2010-08-01,0.0,4.914355055585851e-10,0.2229995534096283,0.0646717261298421,5.379355595592508e-10,2.320434238808149e-09,1.3777667029645725e-08,2.674764944905542e-10,0.012328749280341828,0.1999999790482082,0.24999997708899796,0.24999999767436556
2010-09-01,5.6180994246680883e-11,1.7547047084893687e-09,0.24999999702099499,0.04335186737738659,8.967913986192746e-10,6.547211010033111e-09,8.02666951453375e-09,1.2098079969790706e-09,2.3866722837128583e-09,0.2499999847938074,0.20664813357392461,0.24999999635582346
2010-10-01,1.1570458831346221e-11,6.995846096281667e-10,0.24999999913518758,0.04335186777825653,4.362690105852608e-10,5.944806450709074e-09,9.070090945659384e-09,5.170206240066991e-10,1.0033061166289834e-09,0.24999999658466696,0.20664812002810357,0.24999999879113485
2010-11-01,7.365240661043684e-12,2.0236808430654877e-10,0.24999999974923173,0.043351879608337696,1.2479981171994013e-10,1.1277929164509494e-09,1.0895937768505936e-09,1.1696385703777468e-10,2.740121309371341e-10,0.24999999056894123,0.20664812744739086,0.24999999968320158
2010-12-01,2.106260549667566e-11,4.345566810363712e-10,0.24999999940294487,0.043351872740952986,2.416618283894399e-10,1.752357434016528e-09,1.8001378824354896e-09,2.7930206755974784e-10,5.336051636432578e-10,0.2499999964738796,0.2066481268236322,0.2499999994959014
2011-01-01,2.5844323577777217e-11,5.087750499724999e-10,0.24999999931604538,0.04335187190384407,2.8592349672066987e-10,2.000362521106483e-09,2.068713223771375e-09,3.215676360613929e-10,6.098577898300882e-10,0.24999999625168973,0.20664812723650372,0.24999999947086693
2011-02-01,1.0304699995714703e-11,2.73950104058452e-10,0.2499999996030798,0.043351874446850486,1.4643150681931646e-10,1.2224396476061524e-09,1.228621802786018e-09,1.7824792435163047e-10,3.650121519954029e-10,0.24999999690527788,0.2066481260714407,0.24999999954834023
2011-03-01,1.0518487856061012e-11,2.7584394272496633e-10,0.24999999960372682,0.043351874433224136,1.4758058291538576e-10,1.235581901658313e-09,1.2457423764982212e-09,1.7958754654118888e-10,3.6731251960540693e-10,0.24999999691531075,0.2066481260348591,0.24999999955070898
2011-04-01,1.0074290057642668e-11,2.632547435913472e-10,0.24999999962429184,0.043351874556134616,1.4066064302431404e-10,1.186609789503915e-09,1.205647224918522e-09,1.7100487468948147e-10,3.509449896193979e-10,0.2499999969726565,0.20664812595020046,0.24999999956851715
2011-05-01,9.867734894225365e-12,2.6268439806108314e-10,0.24999999961969482,0.043351874555078294,1.4021306542304349e-10,1.177339676120882e-09,1.188820757096309e-09,1.7031767776654609e-10,3.5024900086459285e-10,0.24999999695062858,0.20664812601256227,0.2499999995625409
2011-06-01,1.0608666405052337e-11,2.6609026215032557e-10,0.24999999962578132,0.04335187452245593,1.4215257913077792e-10,1.2047929257162557e-09,1.2270365656282081e-09,1.733772254231155e-10,3.535712514756086e-10,0.24999999699308542,0.2066481259032434,0.24999999957780153
2011-07-01,5.1504860507779984e-11,9.010698798387663e-10,0.24999999852273125,0.04335186959557024,4.736991921323498e-10,3.3152069035066697e-09,3.2055583503383964e-09,6.408922186550995e-10,1.114614202137964e-09,0.24999999132952982,0.2066481318635246,0.2499999989860985
2011-08-01,5.87186894511914e-11,1.0128937356694958e-09,0.24999999836207007,0.04335186852717487,5.38636593115926e-10,3.681213252339636e-09,3.5893168676549703e-09,7.128989444855718e-10,1.2355753644104534e-09,0.24999999015688165,0.2066481331905817,0.24999999893403826
2011-09-01,1.836851238558826e-11,8.60065210964979e-10,0.24999999909237056,0.04335186595229595,5.341866648442254e-10,7.027597590545663e-09,1.0924860956800443e-08,6.424336830820378e-10,1.2000602319919728e-09,0.24999999570316617,0.20664811943905279,0.24999999860553887
2011-10-01,1.9967586892374596e-11,7.93322576356666e-10,0.2499999991826016,0.04335186771222926,4.788967551732451e-10,5.677601607252594e-09,8.095976266809658e-09,5.671119349472199e-10,1.0529565330181373e-09,0.24999999558659258,0.20664812199717839,0.24999999883556212
2011-11-01,0.0,2.235343740870487e-10,0.19335191579771582,6.967299936134355e-09,2.0647296590988336e-10,4.509834720717182e-10,0.0702051798205388,1.990596045631543e-10,1.4115070331878013e-09,0.24999999787067637,0.236442897387911,0.24999999967690079
2011-12-01,0.0,5.755077012207339e-11,0.24999999899499947,0.034491782111909425,5.519547154884455e-11,6.738819735912528e-10,0.014315900617784318,5.085697649714922e-11,8.815995887905676e-11,0.24809558141853882,0.20309673607350762,0.24999999985991966
2012-01-01,0.0,1.0862585508004069e-10,0.24999999986581828,0.03449179882566344,1.5531864555396557e-10,3.015472302519459e-09,0.0143158786877288,1.2686057654872384e-10,1.6606626177933404e-10,0.24809558495824396,0.20309673466911807,0.24999999943370388
2012-02-01,0.0,2.488542444740735e-10,0.24999999971093276,0.03449190271904602,3.4963313714807356e-10,1.0617920284132435e-08,0.014315758162810643,3.051108957670542e-10,3.716552188125853e-10,0.2480955961074274,0.20309673266290643,0.24999999877280807
2012-03-01,0.0,2.4400143457891504e-10,0.24999999978330525,0.04737595900046803,2.5189123784237303e-10,9.506873522456144e-09,1.7763981787182152e-07,2.409680410232101e-10,3.6917949269386836e-10,0.24944466428393006,0.20317918953675254,0.24999999915778223
2012-04-01,0.0,3.194046101828465e-10,0.24999999981590815,0.04737611766888287,2.6093209672943766e-10,5.916045222661707e-09,3.7137837744502784e-09,3.360241575479118e-10,3.500628187841489e-10,0.24944468116717683,0.20317919139133686,0.24999999908072554
2012-05-01,2.74582185175867e-11,7.302994702311594e-10,0.24999999913874996,0.04335187350529189,4.173712439170151e-10,4.228815890032651e-09,4.625680610922437e-09,4.929610218447038e-10,1.0105789070711896e-09,0.24999999162169284,0.20664812551590622,0.2499999986851906
2012-06-01,0.0,7.301970356529159e-10,0.2499999995085044,0.04737610245692464,8.496271257330402e-10,4.3668270804911345e-09,1.960532377559381e-08,8.540468034865132e-10,1.0010001798627843e-09,0.24944468362124908,0.20317919020917796,0.24999999686379987
2012-07-01,0.0,7.092786503151559e-10,0.24999999962262567,0.04737609295224615,6.089289016019641e-10,2.4806921268513674e-09,3.3253167397335854e-08,8.134034603514892e-10,6.864550973269634e-10,0.24944468012712093,0.2031791910870555,0.2499999977135585
2012-08-01,1.6370041028393067e-11,4.690488846337019e-10,0.24999999937979098,0.04335187603244055,2.621907228094796e-10,2.559019665618588e-09,2.5940397466046343e-09,3.1454891676259154e-10,6.519482245473653e-10,0.24999999237380088,0.20664812623287873,0.2499999991139206
2012-09-01,1.1302634209223424e-11,3.0959861079879297e-10,0.24999999955127347,0.04335187744080877,1.728884550640875e-10,1.5240601433667302e-09,1.5575364038379047e-09,2.101484608970525e-10,4.028773093007679e-10,0.2499999924887586,0.20664812679548333,0.24999999953526186
2012-10-01,7.502030605863925e-12,2.1008968522354984e-10,0.24999999973917017,0.04335187982237512,1.2608538101375267e-10,1.1777405384743742e-09,1.1435941163616737e-09,1.2297427162638477e-10,2.8746475667100383e-10,0.2499999901843259,0.20664812751573214,0.24999999966294492
2012-11-01,1.6284074933346327e-11,3.9079728883119127e-10,0.2499999994424377,0.0433518732480898,2.0876549670834912e-10,1.6343520813765063e-09,1.6429819945470799e-09,2.5558917268774325e-10,4.986780265149291e-10,0.24999999650791802,0.20664812670124907,0.2499999994528527
2012-12-01,7.201047874568749e-11,1.301414493465784e-09,0.2499999979681525,0.043351865393780824,6.956287258543157e-10,4.569028894706058e-09,4.427260019144765e-09,8.765608964247245e-10,1.547989929295831e-09,0.2499999867845079,0.2066481376048641,0.2499999987588012
2013-01-01,7.961066875603522e-11,1.5071681352172806e-09,0.24999999737992654,0.04335188698736403,7.833893772888002e-10,4.983996152925614e-09,4.7493734281683825e-09,1.0566067444741369e-09,1.8397130474275297e-09,0.24999994271366538,0.2066481597724844,0.24999999814670218
2013-02-01,3.731380558215681e-12,8.32806622548177e-11,0.2499999998398873,0.04335187640381016,3.924719090373925e-11,2.571878121140891e-10,2.576252342527164e-10,6.135731383669893e-11,1.0450206083453863e-10,0.2499999960428595,0.2066481270421728,0.24999999986433774
2013-03-01,1.5697365339027427e-12,3.426369893193366e-11,0.24999999992922725,0.11038915065963996,1.4684611312832112e-11,9.69917657741483e-11,1.0273481668522231e-10,2.5877913245908065e-11,4.258364781964361e-11,0.15000006394688783,0.23961078519935808,0.2499999999461808
2013-04-01,1.3657531596720109e-11,5.199049078457664e-10,0.24999999918331395,0.1315179636078804,2.3982341255609485e-10,1.7035585074083993e-09,1.6594106042627452e-09,4.48399526468593e-10,6.96230270695986e-10,0.11848204715961698,0.24999998578262236,0.24999999898558145
2013-05-01,7.610074162468118e-12,9.532375483913512e-10,0.2499999983571306,0.13151801494675835,4.401022951372849e-10,2.1747205996492555e-09,3.0229596171252877e-09,8.561404436911947e-10,1.1844292958784345e-09,0.11848199048689623,0.2499999890872319,0.24999999848278057
2013-06-01,1.0842149851160037e-11,8.306982048515158e-10,0.24999999867905737,0.131518022180952,3.911744482696174e-10,2.1181568275324195e-09,2.641824271010763e-09,7.858637152401101e-10,1.0288996737528463e-09,0.11848198056461862,0.249999992067261,0.24999999870064846
2013-07-01,1.802252940839855e-10,1.1149144523924106e-09,0.2499999929021173,0.04984794125316568,1.822765994796979e-09,3.388605237082225e-09,2.554317745988166e-09,4.3294694295784304e-10,3.1806230706170424e-09,0.21848195725780495,0.2316701132327117,0.24999998267980164
2013-08-01,0.0,3.686024268920951e-10,0.24999999974658815,0.014879070017790975,3.258586008476083e-10,0.05792696045265355,1.4756050121079035e-08,3.163785914882618e-10,5.257251180492885e-10,0.2420722825093029,0.18512167214935973,0.24999999884255775
2013-09-01,0.0,3.293509190111485e-10,0.24999999982148519,0.014878607632296675,1.6821648197594625e-10,0.057927781172498985,1.7100312516397618e-08,2.8847880058661643e-10,5.5540346993718445e-11,0.24207217823018928,0.18512141645554328,0.24999999876859588
2013-10-01,9.500052890727318e-12,5.326418274234313e-11,0.24999999980666354,2.0732820197929456e-10,4.7745889249532385e-11,1.4820455672588533e-09,0.05063118687187976,0.0019260794923333926,2.1786633109608703e-10,0.24600013270179763,0.20144260491292332,0.24999999419665261
2013-11-01,2.7306016746525073e-11,3.3010427963793226e-10,0.24999999905770606,8.27097594676347e-10,3.1761673853826447e-10,1.99483331488895e-09,0.050631218843522154,0.0019260700396910083,7.237704596169631e-10,0.24600012076133007,0.20144261380495124,0.249999973272071
2013-12-01,6.64179421229094e-11,1.8250927055375268e-10,0.24999999989015567,5.79903480726592e-10,1.5253776253261778e-10,0.05399987550944718,0.04698995482357067,0.04792618967797834,2.2774518249277541e-10,0.24600012019161094,0.20144261514945322,0.1536412435486703
2014-01-01,1.1630597126930127e-09,3.316098613543656e-09,0.24999999814405444,9.73060290523126e-09,1.5234189296980422e-09,0.15192585276886666,0.046990001421400446,0.04999999832804468,3.3137897443510325e-09,0.14807414225724333,0.20144261337671077,0.15156737465670972
2014-02-01,2.2438941930897984e-10,7.031051433194536e-10,0.24999999958230631,5.9736130281216495e-09,2.763884455592825e-10,0.20425720713716317,0.09465861392080084,0.04999999995798696,7.261600348168411e-10,0.09574279210913418,0.201442616858749,0.10389876253020353
2014-03-01,0.0999999823812942,2.0935088119148437e-09,0.2499999956958696,5.142867715265631e-09,2.399134861606542e-09,0.204257203479292,0.09465855129254552,0.04999999978547541,4.026583846150667e-09,0.09574279137269258,0.2014426168361197,0.003898845494615643
2014-04-01,0.12001580486620264,3.647725981016989e-09,0.24855741444537274,8.836968817271682e-09,1.5940353148541547e-09,0.20425715834480365,5.220009954337129e-08,0.051442583360730314,0.07854149970733561,0.09574283766861551,0.2014426232702465,1.2057863540339604e-08
2014-05-01,0.12001582067273056,3.933005093246831e-09,0.2441148555045592,9.756259761969614e-09,1.5957395223164395e-09,0.10869980835195679,1.0825279387822092e-08,0.05588514308667268,0.07854151733171211,0.19130019056822986,0.20144263239193466,5.981920275152457e-09
2014-06-01,0.10216540736674981,2.266464756889439e-09,0.22066514861144723,7.958880236303629e-09,9.288816233716908e-10,0.05000001135409376,2.1855819582588785e-09,0.07933484858347163,0.09639195305378385,0.2499999801523578,0.20144263394841036,3.5898771667182796e-09
2014-07-01,0.08203552786423193,1.7769639192871973e-09,0.23393256960204883,3.0079089174995074e-08,7.255073211320311e-10,0.049999952422579805,3.282957117286585e-09,0.06606742754786,0.17945981908421343,0.24999999769046793,0.1385046674440579,2.480022663473279e-09
2014-08-01,0.08203550420056693,3.8920325634596254e-11,0.2339326023976858,9.685021185089338e-10,1.4156697810850695e-11,0.04999999966008116,5.658356287577725e-11,0.06606739750517074,0.17945998475497008,0.24999999998835268,0.13850451036629005,4.871977009456909e-11
2014-09-01,0.07314022367245973,1.6398412112692344e-09,0.24999997471073757,1.2222645781703854e-08,9.096552084945834e-10,0.04999996862493626,2.0019775673590678e-09,0.05000001425167382,0.2331238370688973,0.24999999802294767,0.09373596515945813,1.7147696586181414e-09
2014-10-01,0.08203550379230046,1.917464417805602e-10,0.23393260171530075,2.779953436774055e-09,8.147924526246974e-11,0.04999999848587828,4.776907933511451e-10,0.06606739792794725,0.179459983832274,0.2499999997543739,0.1385045106936646,2.673921497573695e-10
2014-11-01,0.08203549591606192,5.670965989519522e-10,0.24999999908676424,7.265549136277272e-10,6.688201311174644e-10,0.04999999885036703,5.37888922248161e-10,1.7824441863229391e-09,0.14552753007646138,0.24999999946153842,0.2224369720036164,3.2238606498680177e-10
2014-12-01,0.15735944077660927,3.194900430732767e-10,0.24999999946364831,4.176094128554443e-10,3.8605751239436277e-10,0.04999999876978738,2.900081624407733e-10,6.396316005093815e-10,0.04552759287436623,0.24999999969130138,0.24711296619547413,1.7602011297735827e-10
2015-01-01,0.15886213523360906,7.376760218945146e-11,0.24999999985088694,1.2446198508578941e-10,8.503818138870738e-11,0.04999999976122086,6.30575667351691e-11,9.059055223503822e-11,0.04113786520413603,0.24999999992263058,0.2499999995657795,2.4820811761307943e-11
2015-02-01,0.15886212816039205,7.107984901598559e-10,0.24999999910458856,1.5595171084634154e-09,6.382838578552351e-10,0.04999999813139068,6.875477789254692e-10,8.753870040017608e-10,0.04113788045074341,0.24999999943869824,0.24999998998118586,2.6146384871951716e-10
2015-03-01,0.0813569157765552,1.16789794371795e-09,0.24999999747409146,1.5032324120124353e-09,1.2299715651136458e-09,0.049999991387472284,1.1133242073375504e-09,2.0854388358772094e-09,0.1411330560119679,0.24999999868476142,0.22751003290587038,6.594163486637074e-10
2015-04-01,0.0665143565708291,2.500707499191017e-10,0.2499999996428331,3.298062285628314e-10,2.4705551240637633e-10,0.04999999813260284,2.0154763493207788e-10,3.969788625991356e-10,0.24113299017427356,0.2499999997281016,0.14235265419467483,1.3122612574053184e-10
2015-05-01,0.0651982651208021,6.809617158101077e-11,0.2499999998583603,8.535676233277231e-11,6.97315972134781e-11,0.0499999994993947,5.914341764633305e-11,1.0820335062142192e-10,0.24999999864544456,0.24999999992192082,0.13480173652769317,3.585284082199637e-11
2015-06-01,0.0651982669849536,3.206083952003942e-10,0.24999999948983254,4.1810413234579543e-10,3.1608741053868393e-10,0.04999999777912581,2.700854093573288e-10,5.183944836301463e-10,0.2499999785968933,0.24999999965532638,0.13480175548477188,1.6581651848397526e-10
2015-07-01,0.06763584071911115,4.132470809037192e-09,0.17647935347080923,0.004681873207792552,5.332622600369884e-10,0.023520801695874838,3.21478394404214e-08,3.1191973897314457e-07,0.24999999797436698,0.2499999302474816,0.2276818522610899,1.690162410320866e-09
2015-08-01,0.023608629538609552,1.530589802264713e-09,0.14870922944825662,3.728938435738108e-08,1.9162982695725185e-10,1.734186060428287e-08,1.5593780632712396e-08,0.10000029577931271,0.24999999887907623,0.2499999216414686,0.22768185203107985,7.349511472609528e-10
2015-09-01,1.8450254966924935e-11,5.181755332459087e-10,0.12382121048516614,4.184742048616743e-10,2.6051020083622112e-11,1.418750386250193e-10,6.990855325815906e-11,0.12617879220737624,0.24999999981652313,0.24999999970004466,0.24999999649793403,1.0002252691582964e-10
2015-10-01,0.0004991496420474983,5.107672668243764e-10,0.12382120787577865,9.87703111075089e-09,1.5003065969377223e-09,0.09950079940690883,1.6578690463158575e-08,0.12617874751452587,0.24999999400389863,0.15000007202217558,0.24999999338342313,7.684446482162315e-09
2015-11-01,0.016636440191891696,6.028997323696542e-10,0.1238212022284417,6.19230173865008e-08,1.7809207473539405e-09,0.1801121732462493,1.4544212896728422e-08,0.12617874070311627,0.24999997680166508,0.1198877779798737,0.1801123529398856,0.003251257057825831
2015-12-01,0.008967605059768319,5.104450169740601e-10,0.1489559765986509,0.05000000378139367,3.1288815742873007e-10,0.20497735199880882,1.0582505279591242e-09,0.10574324917715577,0.24999999325768557,0.09502263251047416,0.1363331795105985,6.2238806565824395e-09
2016-01-01,0.01962240214207308,1.4309725607391753e-10,0.19764374158378384,0.050195302477154126,8.926527985926894e-11,0.24543928033061221,3.0634473749785296e-10,0.10235624331344904,0.24980469694541726,0.054560716300144,0.08037761488903995,1.479619401515143e-09
2016-02-01,0.0482121092328348,2.763856678994392e-10,0.1976437396769444,0.08394005546686235,7.352904940957973e-10,0.24999999387049004,2.2282573149905417e-09,0.10235624243095032,0.21605981278173264,0.016311758883350708,0.052371474576326744,0.0331048098405746
2016-03-01,0.07778199704911778,1.0934816929454372e-09,0.19764366778894515,0.14488277181243836,1.5362476824909743e-09,0.24999999693693048,0.004505448178108745,0.06450304266202762,0.15511721350910831,0.01510767853609003,0.052371483051553404,0.038086697845950625
2016-04-01,0.088968096381002,2.5971288991406977e-10,0.16064156951833422,0.1857473391247614,4.087912693940406e-10,0.24999999904202905,0.008474829295220065,0.057477381323599815,0.1142526525475257,1.160580838497277e-08,0.05237148368666538,0.08206663680654978
2016-05-01,0.03448843248646887,1.2216759486354e-09,0.16064156510905064,0.18574731112746592,6.604278508215054e-10,0.24999999192085384,7.48612053367538e-09,0.13935840941986782,0.11425268485469557,2.7170650949106433e-08,0.07049031572915572,0.04502125281356639
2016-06-01,0.06280325902679303,1.708665954475452e-09,0.16064155053401444,0.1673160980224807,1.2827710954342904e-09,0.24999999208797116,1.2415676342171998e-08,0.0887210395686916,0.13268389727669166,1.0743128919424142e-08,0.12374416114101602,0.014089976192099148
2016-07-01,0.029153467548972287,1.0947781318432437e-09,0.17392396513839717,0.11505592056227926,5.559936770991985e-10,0.2499999924335222,4.391147534514678e-09,0.11514080909331072,0.1849440760562747,1.916674944215645e-08,0.13178170504643055,3.891214446756476e-08
2016-08-01,0.061591207012683835,1.5781497428968904e-09,0.2132138430276986,0.12850300646329363,1.2574959046222954e-09,0.24999997680319844,1.065185554948432e-08,0.08678569013068592,0.1714969845956995,1.8301473471262568e-08,0.0884091966669876,6.351077766542718e-08
2016-09-01,0.026523269778597345,1.8774573009641822e-09,0.19108581299073368,0.08569917145430701,9.900899846360462e-10,0.24999998322905512,6.62444605868046e-09,0.10891417791783482,0.21430082106736179,0.01976764350017668,0.10370908047511843,3.0094821782892044e-08
2016-10-01,0.0196006280353442,5.739349864527763e-11,0.1976791225904267,0.05000000169870016,3.108192057893519e-11,0.24522513294991857,1.399661535242302e-10,0.10232087598753994,0.24999999806614964,0.054774864987730744,0.08039937501900365,4.367443680334961e-10
2016-11-01,0.0998571586231092,4.870341272998652e-09,0.11124834686135789,0.04999999969801255,2.1547960541553997e-09,0.24522512644792072,8.277062716045493e-09,0.08875173829491054,0.2499999912006247,0.05477485399162314,0.1001427647821274,4.798113729189701e-09
2016-12-01,0.1283414055131794,1.9531073757474864e-09,0.08384020644521277,0.05000000042797801,8.21439659586353e-10,0.24522516779051468,0.05433372893419064,0.07093472042926809,0.24999999533520986,4.1272270621570194e-08,0.11732472653773755,4.539891424022712e-09
2017-01-01,0.1479658049277923,2.6657490427443695e-10,0.03397752583218721,0.05000000106641901,3.28555044473639e-10,0.2191342986453768,0.13470912278515068,0.047672378827388895,0.2499999970742848,5.354497933508133e-10,0.11654086886546111,8.453596145180842e-10
2017-02-01,0.14609917914486742,1.842931216639976e-09,0.049603116955616915,0.049999998215615,1.0339395501917245e-10,0.2146898822508255,0.09437993795648678,0.062215154142980775,0.2499999993458906,1.8097796328566802e-09,0.1330127272306715,1.00094059370087e-09
2017-03-01,0.14609918036506295,1.833289169409898e-09,0.04960312223740298,0.050000000937097486,6.69080105114359e-10,0.21468988310077916,0.09437993337708042,0.062215150916253896,0.24999999864862366,5.446548694581289e-10,0.13301272708968462,2.809905967297676e-10
2017-04-01,0.14609916784044147,5.675369615786967e-08,0.049603067239370975,0.05000000081241794,7.649453161826373e-09,0.21468982459346747,0.0943799478283236,0.062215196872710404,0.24999999257376224,5.0895350907432305e-09,0.13301273036812875,2.3786927541546307e-09
2017-05-01,0.1460991760684692,1.4601384222533195e-08,0.04960310154734677,0.050000002369832715,3.3168174365043297e-09,0.21468986266864584,0.09437994367667685,0.0622151659491256,0.2499999932102537,3.2710979901604846e-09,0.13301273177947998,1.5408695555138848e-09
2017-06-01,0.1374516106145025,0.06161915864874281,0.01571023854264329,0.05000000573221487,5.1775843728992205e-09,0.1725319216861311,0.0918182089081637,0.10059574269480835,0.2499999904380378,2.9641100432090494e-09,0.12027311330110199,1.2919592226860943e-09
2017-07-01,0.15067948946352883,0.034005758204196684,0.015710263191780913,0.050000002721084943,0.041894590536878475,0.15717949498178013,0.12309008424458363,0.11420133935778666,0.24999999451189114,5.3664644188167615e-09,0.06323897544805804,1.9719660364434728e-09
2017-08-01,0.15417064580292017,4.264760293896351e-09,1.812187611886936e-08,0.05559146883530327,0.07570580117983557,0.1299762761144997,0.14582935170668113,0.12297851053812985,0.24440852969460145,0.02558955796643609,0.045749833902985655,1.8719706248765887e-09
2017-09-01,0.15515350428463373,1.1544608016961328e-09,2.092506807501841e-09,0.06078984949076595,0.0751802383209966,0.12583163054687077,0.14484649438470712,0.1250638064709809,0.2392101499463462,0.03236905316027593,0.041555269460130155,6.873249267967276e-10
2017-10-01,0.1551535166606294,8.131860822583738e-09,1.9892931229459915e-08,0.060789910933845115,0.07518020716080913,0.12583160857772271,0.14484647246340868,0.12506382682145023,0.23921008492471552,0.0323691238908722,0.04155521592688286,4.614872272828709e-09
2017-11-01,0.15515351780824893,7.815859331524647e-09,2.2635982990826438e-08,0.060789913330695014,0.07518020523021167,0.12583160983809588,0.14484647180665058,0.12506382537154975,0.2392100827928476,0.03236912427532118,0.041555214832513024,4.2620241001115575e-09
2017-12-01,0.15515351506679556,1.0127759679987784e-08,2.5172720149997157e-08,0.06078989640220844,0.0751802051525507,0.12583162560467417,0.14484647440767906,0.12506381676554007,0.23921009927931164,0.03236909261214141,0.04155523406542538,5.343193829731324e-09
2018-01-01,0.1551535119666066,3.936453334567116e-09,1.598417872551694e-08,0.06078988062339674,0.07518022177935353,0.12583162373483145,0.14484648347961518,0.12506381193725014,0.23921011758562488,0.03236907988104112,0.04155524672593142,2.3657165290005586e-09
2018-02-01,0.15515351081690093,2.576150932363355e-09,1.7692024714050966e-08,0.06078987079126995,0.07518022430135846,0.12583163143073728,0.14484648551505228,0.12506380612354823,0.2392101276569154,0.032369065249636945,0.04155525602874506,1.8176594136829925e-09
2018-03-01,0.14759757782862828,8.190507731369496e-10,0.020416884783263534,0.060789870309140216,2.66064700986844e-09,0.19785881493691163,0.15240242019438818,0.10881188141221713,0.23921012870376404,0.03135715579992025,0.041555257751555934,4.800513205761766e-09
2018-04-01,0.14759758157493294,3.0267115574171225e-10,0.012105547901654782,0.07956607732588339,0.029082589611244134,0.24999996772399857,0.15240241691385095,0.10881189917835371,0.22043391421163408,1.3455542603926158e-09,4.563485869140534e-10,3.4538733355540318e-09
2018-05-01,0.14759097120322048,1.6208577854690024e-09,0.012105532219887952,0.17848323554572748,0.02908254993542887,0.2499999942918018,0.15240902340854495,0.10773591176979283,0.12151675404681728,5.443804867732792e-09,3.285445498979816e-09,0.0010760172286701942
2018-06-01,0.08635316558809625,4.141118110431006e-09,0.013181512641269297,0.14079709811104887,0.029082552739254534,0.2499999939516909,0.21364682920266204,0.10773591430302026,0.1592028990691516,4.358268880527141e-09,2.906398271836393e-09,2.2988021122476078e-08
2018-07-01,0.086353175757302,1.3692524808800278e-09,0.01318150635591441,0.050000026502875904,0.028163499396645617,0.24171623523270727,0.21364681990737044,0.11693876128898127,0.24999997024341228,1.4781059645696104e-09,8.999815954747052e-10,1.5674508585682433e-09
2018-08-01,0.05000005224254066,9.66076463408708e-10,0.015983784147079447,0.04999999951788776,1.0271200464494418e-08,0.2062329805885422,0.2499999448076501,0.17778322641897443,0.24999999838265094,9.925291040916313e-10,6.376420714633847e-10,1.0272264532481659e-09
2018-09-01,0.0500000027896021,1.1783296663654327e-09,0.11598360063824553,0.04999999819614828,4.039633071641915e-09,0.1290761299667568,0.24999999268320197,0.1549402689361572,0.24999999878565168,1.0613073164360135e-09,7.287857104790309e-10,9.961806077773824e-10
2018-10-01,0.0644628041556238,2.974317565825335e-10,0.17542599324850866,0.0499999998095114,1.0040444566860386e-09,0.1000000110612831,0.23553719532445747,0.12457399458980087,0.24999999973137094,2.854668819700937e-10,2.230630514836168e-10,2.694338384178513e-10
2018-11-01,0.06446280264871922,1.0073464733808385e-10,0.17542600464838395,0.049999999960648266,2.9771464127647197e-10,0.10000000054803186,0.2355371972236832,0.12457399440817112,0.2499999999247699,9.391567905011275e-11,6.261242095890105e-11,8.261498924810999e-11
2018-12-01,0.06446280240586072,1.4616867377001297e-10,0.0754260055863692,0.050000000001329106,3.1559288912595417e-10,0.199999987727259,0.2355371971483241,0.12457399440770896,0.24999999974039872,1.181557436004265e-08,4.924092891812682e-10,2.1300513817417365e-10
2019-01-01,0.06446279990118822,4.1822219731488535e-10,8.516873320454193e-09,0.07457392607359871,0.0665227521551897,0.20890326609350401,0.23553719487245944,0.12457400074101024,0.22542604642060757,2.178508263201488e-09,6.208691580580383e-10,2.0079692519637717e-09
2019-02-01,0.06446280388988465,9.642924299298936e-10,6.554178782147002e-09,0.041096683434877754,5.515988295580315e-09,0.20890327111412485,0.23553719470873632,0.12457400102885116,0.22542604671298638,0.09109672282214731,0.008903262299193786,9.547381355771413e-10
2019-03-01,0.13278507724286046,2.2911611557671675e-09,8.281194394845188e-09,0.009418985036575109,2.7771930810195076e-09,0.20890327495283625,0.16721491989962006,0.12457401366974251,0.2254260537445728,0.09109672363176678,0.04058093612003318,2.352444112941188e-09
2019-04-01,0.1312823771907255,8.461599373291674e-10,1.1151860857183634e-08,1.1942786795382583e-09,1.0229850910954968e-09,0.2499999983614812,0.1687176215143851,0.1574003387746636,0.249999999407377,0.042599649662593095,5.867694214478832e-10,2.8672060536796667e-10
2019-05-01,0.12837416229960077,2.0932798190999386e-09,2.4859442479102e-09,1.7018714154169712e-09,2.1643971172784328e-09,0.24999999516031923,0.17162581728999932,0.1596382711409766,0.24999999853915195,0.040361745320024914,1.3067210748333861e-09,4.977090106350981e-10
2019-06-01,0.049999984487431356,1.3100481387739077e-08,9.638079592856902e-09,0.011987490878148752,2.548801788633201e-09,0.24999999774374304,0.2499999976889798,0.13801250595211026,0.2499999990276489,0.04999999079419634,7.149215527156604e-09,9.911633607008927e-10
2019-07-01,0.13801247543753703,7.339928137037734e-09,1.0321536149438472e-08,1.665625550686603e-08,3.5582859257590595e-09,0.2499999948445525,0.16198751962646085,0.138012509995466,0.24999999418742916,0.050000000335447034,0.011987464526333588,3.1707679147578844e-09
2019-08-01,0.12837402843270798,3.3674376137612916e-09,2.5585323821813058e-08,4.698432309147081e-09,5.150365142585709e-09,0.24999998396955397,0.1716258648726222,0.1596383288380635,0.2499999961554976,0.04036175582946764,1.982761809514252e-09,1.1177665587769733e-09
2019-09-01,0.21873576666484235,6.207422273141783e-10,3.839816284764884e-09,8.909395915797045e-10,7.037731891375903e-10,0.24999998960414238,0.08126422992292597,0.1596383218431903,0.24036168031014435,0.05000000264192282,2.5228832824706652e-09,4.346775430834819e-10
2019-10-01,0.24999999026406966,1.4468470007205919e-09,2.152924181165212e-09,1.338394915051124e-09,9.752720259902906e-10,0.24999999240530466,0.05000000467025818,0.14095510777195758,0.19030915342056803,0.050000005223137606,0.06873573924144104,1.0898249569447625e-09
2019-11-01,0.20969087814834106,2.108026577732774e-09,7.234202641017968e-09,3.2393624127568028e-09,7.780278919009665e-10,0.2499999968227604,0.09030912003095191,0.12138130280219604,0.24999999888738583,0.04999999966801197,0.02861868959473142,6.860019015814181e-10
2019-12-01,0.12881456948062048,4.0530409752978344e-08,0.0034961944682501715,4.355356615069164e-08,8.49866099798543e-09,0.2499999933145524,0.17118542119423213,0.13700861778187248,0.24999999762453123,0.04999999602298624,0.00949511449692413,3.0333936118568304e-09
2020-01-01,0.03830982699527729,1.557965303008248e-08,0.003496202879757922,9.964858946920409e-09,2.5326047418997896e-09,0.24999999763011976,0.2170143407131238,0.19117960250950822,0.24999999938528789,0.04999999715425343,3.934431495741743e-09,7.211236508383781e-10
2020-02-01,0.08384927878911409,5.703173823219206e-10,6.37571841394441e-10,7.468816287926251e-10,8.26087028050266e-10,0.24999999790864594,0.2039701714704239,0.19225570394967367,0.24999999945485218,0.019924845065823288,3.8747351497134827e-10,1.9313542349275846e-10
2020-03-01,0.15377415054459054,1.324212582753799e-10,4.928236080190108e-10,3.1912848063263333e-10,2.336200680359009e-10,0.24999999885315566,0.14622584854824727,0.19225569181301208,0.207744346236301,0.04999996133423248,1.2079431840508656e-09,2.845245384062271e-10
2020-04-01,0.15377415029894284,3.138143349869482e-10,6.045054911373732e-10,3.213749289839766e-10,2.0817174670894965e-10,0.24999999889092375,0.14622584823238136,0.19225569183896793,0.10774435190493575,0.04999996106638777,0.09999999619724555,1.223485912721183e-10
2020-05-01,0.15377415154118454,1.3341163222213524e-10,3.07124565159776e-10,1.3170771988544327e-10,7.55002174759641e-11,0.15852497526726544,0.1462258476154385,0.22228212246360712,0.09921938237132065,0.049999961675805095,0.16997355838566425,3.1970487024818595e-11
2020-06-01,0.1901717018908046,5.556067482965432e-10,6.7249833310239e-10,3.09568291545318e-10,3.042775621209275e-10,0.1062980419367272,0.10982829635465377,0.24999999573850384,0.08784388998731348,0.07872054416856039,0.17713752793034648,1.5113505579185383e-10
2020-07-01,0.24999999975882445,3.7430433570007806e-11,2.7930330262462745e-09,1.2375532707728596e-10,7.012879463119355e-11,0.10023284851733234,0.05000000015834809,0.24999999995022304,0.0840266721602739,0.11889183358093545,0.14684864283372692,1.5988243321937294e-11
2020-08-01,0.24999999946703996,8.592517662854407e-11,6.7807898031908315e-09,2.8687086014016003e-10,1.6305463019694283e-10,0.10094520535174854,0.050000000345142306,0.24999999988657803,0.06301674925582125,0.18288021721564957,0.10315782112472939,3.6650298778482844e-11
2020-09-01,0.24999999786238544,3.9549836664378095e-10,1.2864073089720475e-08,1.1949158702979753e-09,7.858298215525235e-10,0.10094520717585483,0.05000000049011713,0.2499999993637284,0.06301655735939848,0.18288078948222616,0.10315743284506411,1.80908034764415e-10
2020-10-01,0.24999999470058057,5.999275658602657e-10,2.352034307212072e-09,7.216998725534058e-10,5.012023345767312e-10,0.0015216701223282826,0.04942359710211148,0.24999999902212655,0.11540743991597384,0.18288078822201234,0.1507665065962734,1.4372963388105889e-10
2020-11-01,0.24999998083578048,2.70843650702338e-09,1.2894600520731436e-08,2.985020995015013e-09,3.1628453800755383e-09,1.0162244866745126e-08,0.05000000836811101,0.24999999700822978,0.11617867581766123,0.18134139630543494,0.15247990917666662,5.749679057427687e-10
2020-12-01,0.2499999956291553,6.066474500316945e-10,2.3464169186029442e-09,6.558765383914021e-10,8.178169486458255e-10,2.3768758826531773e-09,0.050000003519578014,0.2499999992433645,0.1161786774910661,0.18134142456646082,0.15247989261918446,1.275588039830573e-10
2021-01-01,0.22691820706776045,8.700933664114991e-10,1.2241015091557673e-09,6.732594139885832e-10,6.930737325737819e-10,1.9689487073926884e-09,3.914405868125953e-10,0.2499999989987649,0.21617867050938042,0.18134142387543262,0.1255616935868633,1.4088091466054056e-10
2021-02-01,0.20997936655901991,4.611233331665467e-09,1.3464354570700165e-09,3.314535759794461e-09,3.512071836960839e-09,9.00250917894799e-08,4.192125264518336e-09,0.24999999377725388,0.24999998507127916,0.2475199356420486,0.042500611206713355,7.421916984099876e-10
2021-03-01,0.23734626794124233,7.381678197245589e-10,1.0511657954804883e-09,5.081124589358976e-10,3.2997150249946396e-10,8.746655283887083e-08,5.5997468437513685e-09,0.24999999604739506,0.1500000114468146,0.24751993799651034,0.11513369075359273,1.2072755717637632e-10
2021-04-01,0.24999998525524242,1.913140479238603e-09,5.2843239320039804e-09,2.0754945652641794e-09,1.4837662880134163e-09,8.462079866968248e-09,0.04999991399472453,0.24999999512544938,0.11617869624260811,0.1813416338076612,0.15247975589133897,4.641703533864651e-10
2021-05-01,0.2269182204802859,3.672517416055718e-09,4.787241895780365e-09,2.45840304945563e-09,2.4764188453462836e-09,7.58826246213632e-09,1.9794882473435578e-08,0.24999999561744735,0.21617865897365943,0.1813416248243474,0.12556145868496535,6.415684993730316e-10
2021-06-01,0.12691831943655396,1.3826513314526202e-08,1.0266528036110821e-08,5.391948341003191e-09,4.701897396160749e-09,0.06577306032238041,6.4761725808818054e-09,0.24999999634993275,0.24999999654428048,0.1817471130596187,0.1255614728230119,8.011620243839533e-10
2021-07-01,0.06419941446071216,8.362367229294499e-09,6.4247990759212125e-09,4.74419823451593e-09,4.2757894082798045e-09,0.04570655880226433,5.821869333184187e-09,0.2499999951539777,0.24999999599645792,0.24999991058605583,0.14009409448598684,8.855218170329441e-10
2021-08-01,0.06419940860161918,4.2198887174042e-09,4.9703310459304026e-09,3.6225701524385196e-09,4.224406727317035e-09,0.045706552779968976,4.281490641747007e-09,0.24999999596030859,0.2499999970064917,0.24999999601773779,0.14009402720492561,1.1102609479051917e-09
2021-09-01,0.06419940721293942,4.07324824624457e-09,4.899806226173344e-09,3.548518119370549e-09,4.2382009188684985e-09,0.045706552879408925,4.2064379781941265e-09,0.24999999593648803,0.24999999701218703,0.2499999960064266,0.14009402886189323,1.1244453636193821e-09
2021-10-01,0.06419940236207172,3.3209451475442508e-09,4.529745319283488e-09,3.2449319259930693e-09,4.1982571981538725e-09,0.04570655307073846,3.966003522395713e-09,0.24999999593294903,0.24999999709270765,0.2499999959315003,0.14009403520727787,1.1428717760104937e-09
2021-11-01,0.05068544331457854,1.1275172218268007e-09,0.04999999977855761,7.760909070993355e-10,0.04999998736919143,9.19630586578608e-09,2.027494231294827e-09,0.2499999937153985,0.24999999207157086,0.24999999842958134,0.09931457122345215,9.702613705890827e-10
2021-12-01,0.13301233367915383,4.769915870862277e-09,0.05000001588037778,3.2177469750213316e-09,4.50043174594991e-08,1.5451176775853523e-08,1.1639467209770629e-08,0.24999997065158905,0.20000023660047556,0.24999999449342764,0.11698736541410741,3.1982443844499405e-09
2022-01-01,0.23301177801813377,4.51581222318766e-09,0.05000001038199327,3.3807682598472034e-09,2.1062180130918565e-08,1.2671121362106476e-08,1.004814594857802e-08,0.2499999723667931,0.11064254202252712,0.2499999954785993,0.10634564662836718,3.425558111617458e-09
2022-02-01,0.23957597083012222,1.7082212906496273e-10,0.04999999983729489,1.1740841228938327e-10,9.699358681595588e-10,4.849303468699534e-10,3.3028054618863917e-10,0.24999999876288193,0.10477689439710296,0.24999999983839646,0.10564713414748342,1.13341087402693e-10
2022-03-01,0.23957597450909318,7.070318228956547e-11,0.05000000036302118,4.855662907894821e-11,9.80732070328945e-10,1.629640721782715e-10,1.243235183488334e-10,0.24999999927537517,0.1047768905913481,0.2499999999055368,0.10564713391631174,5.203450066262811e-11
2022-04-01,0.24999997615008296,1.9115857767494613e-09,0.037932445480319224,3.010735640309604e-09,4.368276660714961e-09,8.810977355391622e-09,0.0017669618299648768,0.24999999600500353,0.0992080488212616,0.2499999706548578,0.11109258210214909,8.54785208535294e-10
2022-05-01,0.23957595648258107,2.0012859415665836e-09,0.05000000508606674,1.1954529727719751e-09,3.0833576935861566e-09,6.714519256001315e-09,5.305203500024147e-09,0.24999999086611502,0.1047769047876415,0.249999997742958,0.10564712559298561,1.1418316034594909e-09
2022-06-01,0.1950190095070492,6.978264748694347e-11,0.05000000066544968,4.608733709031715e-11,0.03499936542118528,2.3152152494949805e-10,1.3300153526780695e-10,0.24999999918690266,0.1280962303077088,0.2499999999244651,0.09188539444945307,5.739327812473375e-11
2022-07-01,0.1660062784511483,4.145739411524099e-09,0.0499999999275744,1.6275173661094261e-09,0.05619791961190583,0.03449255170942349,3.566946299973258e-09,0.2499999942280157,0.1290872955758492,0.2499999977368822,0.06421595154342853,1.8755691879983506e-09
2022-08-01,0.1483424204047803,5.403177424938769e-10,0.05000002304380891,6.702084261752743e-10,0.0020421317093939624,0.006312267311288913,1.076998612931657e-09,0.24999997595106407,0.18260447541640545,0.2499999994029235,0.11069870393108755,5.417225962775377e-10
2022-09-01,0.15064646644279914,8.093024132525845e-09,0.05000000048542057,3.766524520783279e-09,3.983766209350016e-09,0.0033098894026288147,8.914683613954563e-09,0.24999998635818432,0.1828087911292773,0.2499999978762642,0.11323484061543267,2.931994405915745e-09
2022-10-01,0.15064649642093436,9.809635375985622e-11,0.05000000014524899,3.9698744860352075e-11,2.2194037817206836e-10,0.0033098577315286088,1.3618785337342181e-10,0.24999999978381665,0.1828087805811404,0.249999999944439,0.1132348648391944,5.7774289642992886e-11
2022-11-01,0.05064651184474809,5.934457082577354e-11,0.049999999487382006,0.05595819305070117,1.630683396622732e-10,0.0033098567363712148,1.8650773779561704e-10,0.2499999894536742,0.18280878079456955,0.24999999854204868,0.15727666959481718,8.676725348258708e-11
2022-12-01,1.4955458949661624e-08,2.3293469020821304e-10,0.0421412417807916,0.06528339505343912,5.785321326827098e-10,2.754924654465739e-09,8.925098550705216e-10,0.24999998204166157,0.23471656687553313,0.21181512748426734,0.19604366714523366,2.0471326042648448e-10
2023-01-01,0.04861639660243049,1.156847982566438e-09,0.04214112927398015,0.050000006118773976,2.781290636428192e-09,4.112124091670365e-09,9.340258441885856e-09,0.24999999545642657,0.2499999933066394,0.12709871996689026,0.23214374140646826,4.778697837375158e-10
2023-02-01,0.08463915311222649,7.720310732874963e-11,0.02392469189005264,0.03964659082474764,2.2721823154421235e-10,2.5493409495259393e-10,4.2288833773564836e-10,0.24999999971561773,0.249999999866239,0.10178956452148244,0.24999999906019468,2.7195546970057443e-11
2023-03-01,0.07164909017404572,1.9032343544779534e-09,0.049999502974967,0.04332142414054661,5.544516776381849e-09,5.905637966202198e-09,1.0895070493499881e-08,0.24999999267989825,0.2499999968147085,0.08503002262873467,0.2499999455458238,7.928159188249286e-10
2023-04-01,0.0028592163618593575,1.3595823237049285e-09,0.03197383275101628,0.04332144554262315,1.7008483486550135e-09,1.146931770300733e-07,3.1319090489391333e-09,0.23681562371061382,0.24999996293895754,0.1850297979407798,0.2499999971780962,2.690537214942617e-09
2023-05-01,1.0711001211813436e-08,1.1755801629654957e-09,0.02444712677276335,0.043321523344564586,1.602213113358098e-09,0.03502979759435328,1.7720184522501835e-09,0.14720158360102076,0.2499999667270206,0.24999998617100608,0.2499999987548657,1.7735928111428199e-09
2023-06-01,2.7523078879149716e-09,2.111271808944467e-10,0.06375618050166558,0.0890421886664563,3.8246014490178323e-10,0.04999999798704361,8.512611831850762e-10,0.0862438189422371,0.21095781036893838,0.2499999992978894,0.24999999979647725,2.421360740028919e-10
2023-07-01,1.80234546914736e-09,4.12647389934507e-10,0.10775923177339054,0.14503900944585948,7.951902886166204e-10,0.050000000033690074,1.8546892933888176e-09,0.042240766790970226,0.15496098908193034,0.2499999978417255,0.2499999995850783,5.824831468387439e-10
2023-08-01,0.008098228359517831,4.310545962765773e-10,0.11634390316830215,0.1569458887891007,6.143172959367389e-10,0.04999999995906008,9.114993737800391e-10,0.02555787202019769,0.1430541065342749,0.24999999907050624,0.24999999973761117,4.0455873050663156e-10
2023-09-01,0.008098213801448819,6.146105675300117e-10,0.11634395814548897,0.156945970350025,9.211620806489474e-10,0.049999972882910755,1.2293501288345967e-09,0.025557869339171337,0.14305401395467043,0.24999999851207638,0.24999999960833746,6.407482222099682e-10
2023-10-01,2.6088220683828865e-07,1.3866296239715362e-09,0.16174109199101983,0.21154795538964313,2.0898146699876404e-09,0.03444040505392307,2.1423499531826793e-09,0.0173804616555531,0.07488982118080961,0.24999999766447795,0.2499999992350233,1.3285490495412622e-09
2023-11-01,0.00809857265115327,1.628694458859935e-09,0.11634372406068991,0.15694567687266076,2.1411516353690947e-09,0.05000000466599089,1.0417979315878438e-08,0.025557720824530124,0.14305429277291937,0.24999999415999982,0.2499999985415158,1.2627104018190066e-09
2023-12-01,0.008098243412597862,5.0405747808551695e-11,0.11634391129402087,0.1569459023081302,8.823447507818645e-11,0.04999999970467277,1.2739416875409374e-10,0.025557845471694915,0.14305409763480706,0.24999999989453575,0.2499999999636113,4.989470882847326e-11
2024-01-01,0.054582467618527954,1.2190280050368873e-09,0.06985995852454356,0.10343055352196104,1.8746074090549985e-09,0.04999998788491831,1.0629087183597773e-08,0.02555758348588994,0.19656944186188072,0.2499999935648547,0.24999999878415427,1.0305467144812162e-09
2024-02-01,0.003351867955509808,3.454457838762588e-09,0.06985995455163925,0.15021592884163587,0.015045424865954657,0.049999983534692476,3.923240696600077e-09,0.025557591435894783,0.14780013423327462,0.24999997091190104,0.24999999604171266,0.038169140250086324
2024-03-01,4.898718336135313e-09,8.983237645440876e-10,0.10539794132270092,0.2146778326280998,0.015045424460834839,0.021666134312414802,1.81069547255185e-09,0.025557645178427773,0.08532213308272801,0.24416375408212687,0.2499999965800372,0.038169130744892185
2024-04-01,1.8054475496455458e-10,1.1382628410406621e-10,0.13807236235847833,0.24583846974561782,0.019553547539186325,0.024980969278841303,1.3611796573085636e-10,1.2202104695477037e-09,0.05416152969382442,0.24637580500593856,0.24999999974931217,0.021017314978102716
2024-05-01,5.953598057649413e-10,2.857958925534362e-10,0.1380723345830618,0.2458384565779149,0.019553547717613497,0.024980968489582644,3.0007153751069545e-10,8.319440363906746e-09,0.05416154236391248,0.2463758106180692,0.24999999949636664,0.021017330652813686
2024-06-01,3.4887430441507733e-09,1.3911580083411929e-09,0.08357598439600883,0.2499999805671376,0.08091101911919386,0.021133989016383734,8.083414924225406e-09,0.011117782129481243,0.04999997748515336,0.24958213930553885,0.24999999550470078,0.0036791195130858752
2024-07-01,4.3472808735007653e-10,1.1461042008466395e-10,0.06166428336722997,0.24999999865916123,0.07965131709558716,1.250812156582074e-07,0.0006875744759404544,0.0401424758709424,0.04999997140051545,0.24754709830203775,0.24999999935212652,0.02030715584590485
2024-08-01,4.420300237590224e-09,7.806714813894176e-10,0.10184485061968733,0.24999999704244993,0.0665643151444757,0.029504336351453282,0.002086282495779824,3.3445476012547184e-08,0.04999999746138622,0.2499999956286534,0.2499999980413253,1.8856834099149067e-07
2024-09-01,1.2128724189177986e-09,3.1022218368968574e-10,0.06166427404551092,0.24999999616451635,0.07965167626890923,4.12599182826017e-07,0.0006874871824695396,0.040142223293896696,0.04999994969291116,0.24754707281848717,0.2499999982381972,0.0203069081728243
2024-10-01,3.361858373920085e-10,8.579518706956829e-11,0.06166427082802549,0.2499999988411949,0.07965122103918659,4.807121721747963e-08,0.0006875894899182139,0.040142546497439,0.0499999923498549,0.24754710902352664,0.24999999946989124,0.02030722396776465
2024-11-01,1.5720965261221408e-10,3.960370220151861e-11,0.06166426887075024,0.24999999942983783,0.07965120356328659,3.0958097057320314e-08,0.0006875930904370941,0.040142559583271294,0.04999999572155353,0.24754711246946873,0.24999999974105303,0.020307236375431352
2024-12-01,2.291590021426181e-10,5.0419347759780214e-11,0.06143632039685325,0.24999999961915642,0.08227083891178805,0.00194225845482173,1.7850477644431673e-09,0.0383486331264844,0.04999999978747988,0.24747832702927083,0.24999999978516435,0.01852362082435568
2025-01-01,2.221075790896515e-10,5.645113558849304e-11,0.06166426787809352,0.24999999922428207,0.07965121571940943,4.100523669234854e-08,0.0006875896902187727,0.04014255118715522,0.04999999568472973,0.2475471115868172,0.2499999996515127,0.02030722809398671
2025-02-01,7.575499189062254e-10,3.0809490666586054e-10,0.08832464232536763,0.2499999884735454,0.10571547020574104,0.029524707659690883,0.01843651992134106,0.026396172889038554,0.05000000934300985,0.18160248492267417,0.24999999923182495,3.962121625025289e-09
2025-03-01,3.9991164980379434e-11,2.1259822656440346e-11,0.06315351858865594,0.23124087245038727,0.11745080222151001,0.037123457738616306,7.999225652797579e-10,0.03365208686881857,0.06875912733467254,0.1986201334391221,0.2499999999438535,5.531901140541666e-10
2025-04-01,5.482261106983963e-11,4.3703777034371065e-11,0.10229556639108653,0.2314697069044955,0.0789831786492212,0.06350769171664176,1.9748494109339655e-10,1.948074671757225e-09,0.06853029302390821,0.20521356071855457,0.24999999994032218,4.116849615149331e-10
2025-05-01,5.067608958585044e-10,5.267122126031699e-10,0.07757162311939807,0.2010815109911849,0.10443535436489618,0.08172696228442182,3.465500767069388e-09,4.911238953759963e-09,0.09891848691420982,0.16032573407052214,0.2499999978007492,0.02594032104440509
2025-06-01,9.248622988020305e-10,4.963026688907687e-10,0.07634402947449748,0.198448256806036,0.10654710505213863,0.08826964906386095,4.928687458197802e-09,1.0848184040789171e-07,0.10155173066502092,0.14987821628145198,0.24999999567864037,0.028960902146660892
2025-07-01,2.2387454184790656e-11,1.188850843332302e-11,0.07634402631531384,0.1984485580743389,0.10654728912726459,0.08827007429937841,1.1522916135301332e-10,2.149046891163537e-09,0.10155144161482091,0.1498777054508451,0.24999999989381896,0.028960902925667137
2025-08-01,1.5563869324020407e-11,8.00723949897044e-12,0.07635225550246898,0.19766940273255518,0.10644993644497021,0.08660352247836732,7.176347287203835e-11,1.0007272406807624e-09,0.10233059683160209,0.15220852826268244,0.24999999993592087,0.028385756715370896
2025-09-01,1.859475820529032e-11,9.29479231339475e-12,0.07635225545261244,0.19766940184124132,0.10644993544929036,0.08660352217437907,8.58734568233553e-11,1.7256750239946724e-09,0.10233059757766017,0.15220852823932526,0.24999999992309435,0.02838575750295889
2025-10-01,1.3192788890333468e-09,6.598712553507201e-10,0.0763521699604442,0.19766899935338622,0.10644929380189169,0.08660312028794848,6.016839540429644e-09,5.146787982720463e-07,0.1023309549115497,0.15220874491141329,0.24999999447402507,0.028386199624553386
2025-11-01,3.9687989715821733e-10,2.0039395252338008e-10,0.07597828971314526,0.19652095689178098,0.10448493391374117,0.08469211724604436,1.7664705277786254e-09,0.0016134398269238507,0.10347902790170042,0.1537046685845351,0.24999999827882768,0.0295265652795567
2025-12-01,4.779758456843157e-10,2.6449985719724187e-10,0.07610006098084789,0.2215483012719429,0.10943355658206054,0.13767859313515757,2.171473004464658e-09,9.772953581077722e-09,0.07845169285217084,0.08077547407685219,0.24999999799803338,0.04601231041603257
2026-01-01,1.1627522206144299e-09,5.98535610185838e-10,0.07597807824074705,0.19652056489024494,0.10448370965832136,0.08469199763741539,5.086763445841269e-09,0.0016144692012665994,0.1034793761072782,0.1537041127609719,0.24999999473907386,0.029527689916629286
2026-02-01,1.2508116952714705e-10,6.971920491312919e-11,0.07597821799467645,0.19652083241219653,0.10448460658704001,0.08469186725237636,5.090872828532401e-10,0.0016137198990251733,0.1034791586835057,0.15370481096338187,0.24999999945494344,0.029526786048966688
2026-03-01,2.3500224123964685e-11,1.302455683202352e-11,0.07609891750742845,0.22165579862189827,0.10944700692873216,0.13790847635668643,1.0624710001085093e-10,4.937950982023696e-10,0.0783442011086064,0.08045397240479375,0.24999999990793906,0.04609162652734856
2026-04-01,8.881908657774747e-10,5.321678476304267e-10,0.07583502228109888,0.24664259197053542,0.11256905275447324,0.19135324240119675,4.152981579325743e-09,1.1839352756859996e-08,0.05335740156654594,0.005706687798425476,0.24999999700063008,0.06453598681440112
2026-05-01,2.2196299347621736e-11,1.587779785370098e-11,0.07581486487346875,0.24855026952782497,0.11280743725689486,0.19543356644389934,1.3206122394742891e-10,3.911527680176804e-10,0.05144973030764704,1.4825167423231214e-09,0.2499999999223044,0.0659441296241559
2026-06-01,1.4022444808262347e-09,8.354730208736927e-10,0.07581490384596465,0.2485489247451005,0.11280721385429086,0.19543079240323535,6.736831047402165e-09,2.5144359689528804e-08,0.051451059134234006,3.853481137913215e-06,0.24999999461294636,0.06594322380418212
2026-07-01,4.219984662058256e-10,2.2521761614109904e-10,0.0760787864242778,0.22356181262209565,0.1096851264429211,0.14198539955148778,1.6184016619987439e-09,2.7047220131382756e-08,0.07643817987582886,0.07475201838186929,0.24999999797592803,0.04749864941275362
